province,city,office_name,address,phone_numbers,source_url,retrieved_at_utc
آذربایجان شرقی,آذرشهر,آذرشهر,آذرشهر-خ امام-بلوار بسیج-خیام2-دبیرستان فدک نور,04124235161-04124235160-04124236273-04124236272,https://www.kanoon.ir/City/Agencies?state=8,2026-09-18T12:23:00+00:00
آذربایجان شرقی,اهر,اهر پسران,خیابان حزب اله جنب پارک کانون فرهنگی آموزش واحد پسران,04144224894-04144229996-04244220189,https://www.kanoon.ir/City/Agencies?state=8,2026-09-18T12:23:00+00:00
آذربایجان شرقی,اهر,اهر دختران,خیابان جمهوری اسلامی جنب هلال احمر سابق کوچه کربلایی پاشا پلاک5 غیرانتفاعی کوثران,04144235385-04144223155-04144220001-04144238191,https://www.kanoon.ir/City/Agencies?state=8,2026-09-18T12:23:00+00:00
آذربایجان شرقی,بناب,بناب پسران,بناب-خ باهنر بازار حلاجان پشت دادگاه قدیم آموزشگاه معین,09143205003-04127224565-04127234541-04127234547,https://www.kanoon.ir/City/Agencies?state=8,2026-09-18T12:23:00+00:00
آذربایجان شرقی,بناب,بناب دختران,آذربایجانشرقی شهرستان بناب خیابان امام خمینی طقه دوم سینماایثار,04127237543-09143206099-09144208909-04127232816,https://www.kanoon.ir/City/Agencies?state=8,2026-09-18T12:23:00+00:00
آذربایجان شرقی,تبريز,تبريز,"آدرس شعبه های ثبت نام آزمون نمایندگی تبریز 
شعبه شماره 1 دختران + طرح حکمت و بورسیه دخترو پسر : 
کوی ولیعصر ، فلکه بازار ، اول سنگ فرش ، دفتر کانون قلم چی 04133334338  - 04133312924 - 04133316151 - 04133316353 
ثبت نام عادی : از ساعت 9 الی 13 و 15 الی 19 
ثبت نام حکمت و بورسیه : از ساعت 15 الی 19 
شعبه شماره 2 دختران : انتهای خیابان باغشمال ، آموزشگاه دخترانه صدرا 04133379436 
شعبه شماره 1 پسران : میدان ساعت ، رو به روی موزه آذربایجان ، اول کوچه دل حامد جنب بانک دی ، مدرسه مشکات  04135564642
شعبه شماره 2 پسران : کوی ولیعصر ، خیابان تختی، روبروی خوابگاه دانشجویان دانشگاه تبریز - مدرسه قلم خلاق   04133313421  از ساعت 15 الی 19",04133312924-04133379436-0413334339-04135564642,https://www.kanoon.ir/City/Agencies?state=8,2026-09-18T12:23:00+00:00
آذربایجان شرقی,جلفا,جلفا,اذربایجان شرقی شهرستان هادیشهر میدان نبوت خ گلزار شهدا طبقه دوم پاساژ مروارید کانون فرهنگی قلمچی,04142041617-09144179708-04142025918-04142051592,https://www.kanoon.ir/City/Agencies?state=8,2026-09-18T12:23:00+00:00
آذربایجان شرقی,خدا آفرين,خدا آفرين,کلیبر خداآفرین بخش گرمادوز روستای حسرتان,04275263549-09144267207-09144267178-04275373501,https://www.kanoon.ir/City/Agencies?state=8,2026-09-18T12:23:00+00:00
آذربایجان شرقی,سراب,سراب پسران,خیابان امام روبروی مسجد حاج سلطان _جنب پست بانک _طبقه فوقانی فرش جلالی,۰۹۱۲۷۰۰۳۵۱۹-۰۹۱۰۲۷۹۳۵۵-۰۴۱۴۳۲۳۶۵۸۶,https://www.kanoon.ir/City/Agencies?state=8,2026-09-18T12:23:00+00:00
آذربایجان شرقی,سراب2,سراب2,سراب خ شهید مطهری شمالی طبقه بالای غذاخوری مهر,09141302701-04143237130-04143226670-09149321223,https://www.kanoon.ir/City/Agencies?state=8,2026-09-18T12:23:00+00:00
آذربایجان شرقی,شبستر,شبستر,شبستر-  بالاتر از بانک ملی مرکزی ساختمان عبدالهی طبقه 2,09144712257-04142421400,https://www.kanoon.ir/City/Agencies?state=8,2026-09-18T12:23:00+00:00
آذربایجان شرقی,عجب شير,عجب شير,عجب شیر  خیابان کبودان ابتدای کوی دیزج آموزشگاه فرهنگ,04137629980-04137622911-09143212195,https://www.kanoon.ir/City/Agencies?state=8,2026-09-18T12:23:00+00:00
آذربایجان شرقی,ليلان,ليلان,خیابان امام خیابان معلم کوچه ایمانلو پلاک 5,04137872092,https://www.kanoon.ir/City/Agencies?state=8,2026-09-18T12:23:00+00:00
آذربایجان شرقی,مراغه,مراغه,آذربایجانشرقی مراغه خ خواجه نصیر جنوبی جنب داروخانه دکتر دمقانی طبقه دوم آموزشگاه علمی آزاد کوثر,04137249409-04137235086-04137241322,https://www.kanoon.ir/City/Agencies?state=8,2026-09-18T12:23:00+00:00
آذربایجان شرقی,مرند,مرند پسران,خیابان جلفا نرسیده به اداره پست جنب باشگاه سوینج آموزشگاه مکتب قلم,04142258083-04142270616,https://www.kanoon.ir/City/Agencies?state=8,2026-09-18T12:23:00+00:00
آذربایجان شرقی,مرند,مرند دختران,خیابان جلفا - پایین تر از اداره پست - کوچه شهید یوسفی - اموزشگاه مکتب قلم,04142234488-04142234487-09389523610-09144911248,https://www.kanoon.ir/City/Agencies?state=8,2026-09-18T12:23:00+00:00
آذربایجان شرقی,ملكان,ملكان,آذربایجان شرقی ملکان -خیابان 17شهریور -چای کنار جنوبی-جنب اداره تعاون,04137828252-04137828251-04137820700,https://www.kanoon.ir/City/Agencies?state=8,2026-09-18T12:23:00+00:00
آذربایجان شرقی,ميانه,ميانه,میانه - خیابان بانک ملی کوچه شهید ساقی دبیرستان غیر انتفاعی سروش,04152223064-04152226100-04152243779-04152235101,https://www.kanoon.ir/City/Agencies?state=8,2026-09-18T12:23:00+00:00
آذربایجان شرقی,هشترود,هشترود,هشترود - خیابان دانشسرا-روبروی مدرسه درخت دانش,04152625565-04152622076-09141242017,https://www.kanoon.ir/City/Agencies?state=8,2026-09-18T12:23:00+00:00
آذربایجان غربی,آموزشگاه حسامی ارومیه,آموزشگاه حسامی ارومیه,چهارراه مخابرات،جنب برج جوتهر آموزشگاه حسامی ارومیه واحد دختران,۰۴۴۳۳۴۵۹۲۷۰,https://www.kanoon.ir/City/Agencies?state=7,2026-09-18T12:23:00+00:00
آذربایجان غربی,آموزشگاه عصر دانش اروميه,آموزشگاه عصر دانش اروميه,بلوار امامت ابتدای خیابان شهید اصغری آموزشگاه عصردانش ارومیه واحد پسران,۰۴۴۳۳۳۸۳۳۷۵,https://www.kanoon.ir/City/Agencies?state=7,2026-09-18T12:23:00+00:00
آذربایجان غربی,اشنويه,اشنويه,آذربایجان غربی- اشنویه  - بلوار انقلاب جنب بانک ملی رو به روی دبیرستان فرزانگان,04444631530-04444624664,https://www.kanoon.ir/City/Agencies?state=7,2026-09-18T12:23:00+00:00
آذربایجان غربی,بوكان,بوكان,بوکان - بلوار کردستان- بالاتر از بانک صادرات- روبروی آزمایشگاه شفا,04446224246-04446245881-04446245882,https://www.kanoon.ir/City/Agencies?state=7,2026-09-18T12:23:00+00:00
آذربایجان غربی,پلدشت,پلدشت,پلدشت - خیابان شهرداری -کوچه پشت شهرداری,04434284700-04434282387-09144617896,https://www.kanoon.ir/City/Agencies?state=7,2026-09-18T12:23:00+00:00
آذربایجان غربی,پيرانشهر,پيرانشهر,پیرانشهر- خیابان بهشتی - خیابان مولوی غربی- کوچه فنی حرفه ای,04444227521-04444233660-09141663995,https://www.kanoon.ir/City/Agencies?state=7,2026-09-18T12:23:00+00:00
آذربایجان غربی,تكاب,تكاب,تکاب خیابان امام سه راه جهاد جنب کتابخانه آیت الله خسروی,09143824451-04445529360-09143824451-04445529360,https://www.kanoon.ir/City/Agencies?state=7,2026-09-18T12:23:00+00:00
آذربایجان غربی,چالدران,چالدران,خیابان رجایی  روبروی فرمانداری کانون فرهنگی آموزش نمایندگی چالدران,09146096122-09144633314-04434267524,https://www.kanoon.ir/City/Agencies?state=7,2026-09-18T12:23:00+00:00
آذربایجان غربی,خوي,خوي,خوی -  بلوار شیخ نوایی - جنب مجتمع فرهنگی هنری اداره ارشاد اسلامی خوی,04436353666-04436359311-04436359312-04436359313,https://www.kanoon.ir/City/Agencies?state=7,2026-09-18T12:23:00+00:00
آذربایجان غربی,ربط,ربط,ربط - خیابان امام خمینی - کوچه بهداشت - پلاک5969115747,04444364463-09360261097-04444364463-09144445724,https://www.kanoon.ir/City/Agencies?state=7,2026-09-18T12:23:00+00:00
آذربایجان غربی,سردشت,سردشت,سردشت خیابان شهید رجایی جنب طلافروشان حدیثی ساختمان قلم چی طبقه 3,09143024193-09141687321-04444327700,https://www.kanoon.ir/City/Agencies?state=7,2026-09-18T12:23:00+00:00
آذربایجان غربی,سلماس,سلماس,سلماس خیابان فردوسی تقاطع معلم جنب تالار چهل ستون,04435238828-09149461704-04435238828-04435248050,https://www.kanoon.ir/City/Agencies?state=7,2026-09-18T12:23:00+00:00
آذربایجان غربی,شاهين دژ,شاهين دژ,آذربایجان غربی شا هین دژ خیابان امام روبه روی آموزش وپرورش,04446326687-04446325575-04446331971-09144827119,https://www.kanoon.ir/City/Agencies?state=7,2026-09-18T12:23:00+00:00
آذربایجان غربی,شوط,شوط,شوط - خیابان ساحلی اول کوچه شهید حسن زاده ساختمان سابق دادگستری,04434277461-04434274666-09142378421-09144626537,https://www.kanoon.ir/City/Agencies?state=7,2026-09-18T12:23:00+00:00
آذربایجان غربی,قره ضياالدين,قره ضياالدين,بلوار ورودی شهر -خیابان 24 متری جنب کانال -پشت دارایی,04436721161,https://www.kanoon.ir/City/Agencies?state=7,2026-09-18T12:23:00+00:00
آذربایجان غربی,ماكو,ماكو,شهرستان ماکو - شهرک ولیعصر میدان طباطبایی خیابان امامت,04434242963,https://www.kanoon.ir/City/Agencies?state=7,2026-09-18T12:23:00+00:00
آذربایجان غربی,مهاباد,مهاباد,خ صلاح الدین ایوبی غربی طبقه دوم داروخانه دکتر شیخ آقایی,04442226720-04442221812-04442224770-04442227415,https://www.kanoon.ir/City/Agencies?state=7,2026-09-18T12:23:00+00:00
آذربایجان غربی,مهاباد2,مهاباد2,مهاباد-خیابان صلاح الدین غربی نرسیده به سه راه وفایی روبروی بانک مسکن ساختمان وفایی ط2,04442242211-04442242211-04442242211-04442242211,https://www.kanoon.ir/City/Agencies?state=7,2026-09-18T12:23:00+00:00
آذربایجان غربی,مياندوآب,مياندوآب پسران,میاندوآب برادران - خیابان شهدا - روبروی مسجد امام حسین  - نمایندگی کانون فرهنگی آموزش - قلم چی,04445261888-09141839740-04445243939-04445228048,https://www.kanoon.ir/City/Agencies?state=7,2026-09-18T12:23:00+00:00
آذربایجان غربی,مياندوآب,مياندوآب دختران,میاندواب-خیابان شهدا-بالاتر از اتش نشانی,04445261888-09143212556-04445228500-04445244088,https://www.kanoon.ir/City/Agencies?state=7,2026-09-18T12:23:00+00:00
آذربایجان غربی,نقده,نقده,خیابان باهنر کوچه شهید هوشیارجنب دبیرستان پروین اعتصامی واحد خواهران -  خیابان مطهری 1 ربروی بستنی پوپ واحد برادران,04435673147-04435673191-04435673149-04435673150,https://www.kanoon.ir/City/Agencies?state=7,2026-09-18T12:23:00+00:00
اردبیل,اردبيل,اردبيل,چهارراه حافظ پشت بانک رفاه کارگران پلاک 1,04533726078-04533726075-04533726076,https://www.kanoon.ir/City/Agencies?state=22,2026-09-18T12:23:00+00:00
اردبیل,انگوت,انگوت,اردبیل - شهرستان گرمی - بخش انگوت - خیابان امام - جنب گلزار شهدای گمنام - آموزشگاه آزاد علمی علامه جعفری - کد پستی 5658113169,09141584480-04532653215-09144523978-04532653215,https://www.kanoon.ir/City/Agencies?state=22,2026-09-18T12:23:00+00:00
اردبیل,بيله سوار,بيله سوار,بیله سوار -خیابان طالقانی- جنب تامین اجتماعی-کانون فرهنگی آموزش قلم چی,09363771425-04532828728-09141526309-04532826950,https://www.kanoon.ir/City/Agencies?state=22,2026-09-18T12:23:00+00:00
اردبیل,پارس‌آباد مغان,پارس‌آباد مغان,پارس اباد مغان - سه راه دانشگاه آزاد اسلامی - خیابان دانشجو - جنب تعزیرات حکومتی,04532720100-09381495118-04532730111-04532730200,https://www.kanoon.ir/City/Agencies?state=22,2026-09-18T12:23:00+00:00
اردبیل,خلخال,خلخال,خلخال میدان آزادی ابتدای خیابان کارگر شمالی رو به روی بانک سپه طبقه دوم نمایندگی بیمه آسیا جنب شهرداری,045-32434157-32434927-09144540169,https://www.kanoon.ir/City/Agencies?state=22,2026-09-18T12:23:00+00:00
اردبیل,مشكين شهر,مشكين شهر,مشکین شهر خ ابوذر انتهای کوچه قلم چی  کلخورانی سابق,04525229376-04525224260-04525242639-09143536486,https://www.kanoon.ir/City/Agencies?state=22,2026-09-18T12:23:00+00:00
اردبیل,نمين,نمين,نمین خیابان طالقانی کوچه ساحل دفتر نمایندگی کانون فرهنگی آموزش,04523225888-04523224671-04523225888-04523222041,https://www.kanoon.ir/City/Agencies?state=22,2026-09-18T12:23:00+00:00
اصفهان,آران و بيدگل,آران و بيدگل,آران و بیدگل میدان سپاه -خیابان زینبیه - روبروی فروشگاه معیلی,۰۳۱۵۴۷۳۱۹۹۵-۰۳۱۵۴۷۳۰۱۵۱-۰۹۳۹۱۶۲۲۳۷۷-۰۹۱۳۶۵۷۲۶۳۲,https://www.kanoon.ir/City/Agencies?state=6,2026-09-18T12:23:00+00:00
اصفهان,اردستان,اردستان,اردستان خیابان امام روبروی بانک ملی کانون قلم چی,03625247600-09363520493-09125581520-03625248787,https://www.kanoon.ir/City/Agencies?state=6,2026-09-18T12:23:00+00:00
اصفهان,اصفهان,اصفهان پسران,"توحید جنوبی -چهار راه پلیس - جنب پارکینگ نیروی انتظامی -آموزشگاه دکتر شفیعی

شماره تماس خانه اصفهان : 09331108891",03136278120-03136260163-09130913777,https://www.kanoon.ir/City/Agencies?state=6,2026-09-18T12:23:00+00:00
اصفهان,اصفهان,اصفهان دختران,اصفهان دروازه شیراز خیابان شیخ صدوق شمالی نیکبخت غربی روبروی کتابخانه میرداماد,03136643880-03136643881-03136643882-03136643883,https://www.kanoon.ir/City/Agencies?state=6,2026-09-18T12:23:00+00:00
اصفهان,باغ بهادران,باغ بهادران,"لنجان. باغبهادران میدان بسیج. خیابان شهرداری روبه روی مدرسه استقلال-مسئول نمایندگی طیبه شوکتی
تلفن: ۵۲۵۰۵۲۲۵
۰۹۳۶۱۶۶۰۰۹۴",۰۹۳۶۱۶۶۰۰۹۴-031۵۲۵۰۵۲۲۵,https://www.kanoon.ir/City/Agencies?state=6,2026-09-18T12:23:00+00:00
اصفهان,بهارستان,بهارستان,محله 3 خیابان شمشاد حد فاصل خیابان ایثارجنوبی و خیابان ایمان نبش پیمان 6 پلاک 110 - مسئول نمایندگی : علی محمد شفیعی,36813800-36821768-09133108085-36826555-36826556,https://www.kanoon.ir/City/Agencies?state=6,2026-09-18T12:23:00+00:00
اصفهان,خميني شهر,خميني شهر,خمینی شهر خیابان شریعتی شمالی نرسیده به سه راه معلم کوچه 153,33582144-33582145-33582146-33582148,https://www.kanoon.ir/City/Agencies?state=6,2026-09-18T12:23:00+00:00
اصفهان,خوانسار,خوانسار,بلوار شهید صادقی فرهنگسرای خانواده - کانون فرهنگی آموزش قلم چی خوانسار,03157231214,https://www.kanoon.ir/City/Agencies?state=6,2026-09-18T12:23:00+00:00
اصفهان,داران,داران,داران    بلوار صیاد شیرازی     غیر انتفاعی الزهرا,03157223220-09133721097-03157225854,https://www.kanoon.ir/City/Agencies?state=6,2026-09-18T12:23:00+00:00
اصفهان,دهاقان,دهاقان,دهاقان - میدان دفاع مقدس - خیابان شهید سیدرضا حجازی,09132225373-03153338081-03153338082,https://www.kanoon.ir/City/Agencies?state=6,2026-09-18T12:23:00+00:00
اصفهان,دولت آباد اصفهان,دولت آباد اصفهان,دولت اباد برخوار دولت آباد فلکه سجاد خیابان شهید محمد داوری ( رو به روی مدرسه نوایی) کوچه مطهری کوچه خیام,۰۳۱45824522,https://www.kanoon.ir/City/Agencies?state=6,2026-09-18T12:23:00+00:00
اصفهان,زرين شهر,زرين شهر,زرین شهر، چهار راه نماز ، ابتدای خیابان شهید بهشتی، جنب دفتر اسناد رسمی115، پلاک51  کدپستی 84718-54569,03152270021-03152270015-03152270016,https://www.kanoon.ir/City/Agencies?state=6,2026-09-18T12:23:00+00:00
اصفهان,سفیدشهر,سفیدشهر,سفیدشهر - خیابان ۲۲ بهمن - جنب مسجد جامع - کانون فرهنگی آموزش قلم چی,۵۴۸۳۴۴۱۱-9303612423,https://www.kanoon.ir/City/Agencies?state=6,2026-09-18T12:23:00+00:00
اصفهان,شاهين شهر,شاهين شهر,شاهین شهر - خیابان دهخدا فرعی 1 شرقی پلاک 67,03145233233-03145278649-03145228028-03145224265,https://www.kanoon.ir/City/Agencies?state=6,2026-09-18T12:23:00+00:00
اصفهان,شهرضا,شهرضا پسران,شهرضا میدان مفتح جنب رستوران شهرزاد,03153509510-03153509610-03153509510-03153509610,https://www.kanoon.ir/City/Agencies?state=6,2026-09-18T12:23:00+00:00
اصفهان,شهرضا,شهرضا دختران,شهرضا خیابان شهید بهشتی روبروی بانک ملت,03153238137-03153233138-03153241555,https://www.kanoon.ir/City/Agencies?state=6,2026-09-18T12:23:00+00:00
اصفهان,فريدونشهر,فريدونشهر,فریدونشهر-خیابان پاسداران-جنب سالن اجتماعات شهرداری,03157594458-09162317391-09132716921-03157597000,https://www.kanoon.ir/City/Agencies?state=6,2026-09-18T12:23:00+00:00
اصفهان,فلاورجان,فلاورجان,فلاورجان-خ فردوسی -جنب شهرداری-کانون فرهنگی آموزش,03137434643-03137434991-03137434991-03137434990,https://www.kanoon.ir/City/Agencies?state=6,2026-09-18T12:23:00+00:00
اصفهان,فولاد شهر,فولاد شهر,فولاد شهر ، ب 7 ، جنب فلکه آبنما (فوژان) ، پلاک 227,09132374743-52644024-09133078772,https://www.kanoon.ir/City/Agencies?state=6,2026-09-18T12:23:00+00:00
اصفهان,كاشان,كاشان,کاشان - خیابان زیارتی-بعد از دبیرستان پسرانه تیزهوشان-ابتدای 12 متری یاسر,03155570934-03155575707-03155570934-03155575707,https://www.kanoon.ir/City/Agencies?state=6,2026-09-18T12:23:00+00:00
اصفهان,گلپايگان,گلپايگان,گلپایگان خیابان آیت الله گلپایگانی کوچه 23,03157437037-03157451008-03157437037-03157451008,https://www.kanoon.ir/City/Agencies?state=6,2026-09-18T12:23:00+00:00
اصفهان,مباركه,مباركه,بلوار نیکبخت خ بسیج جنوبی ابتدای خیابان ابوذر غفاری روبروی مجتمع فرهنگی الزهرا,03152467890-03152467891-09133800899-09133823188,https://www.kanoon.ir/City/Agencies?state=6,2026-09-18T12:23:00+00:00
اصفهان,نائين,نائين,نائین- خیابان امام خمینی - روبروی بانک قوامین - طبقه دوم مجتمع پزشکی بهار - کانون فرهنگی آموزش نائین,03146259755-09139234619-03146259755,https://www.kanoon.ir/City/Agencies?state=6,2026-09-18T12:23:00+00:00
اصفهان,نجف آباد,نجف آباد,نجف آباد - خیابان شیخ بهایی جنوبی - ابتدای خیابان دلگشا - کوی شهید نساج کانون فرهنگی آموزش نمایندگی نجف آباد,42638194-42649977 -42649616,https://www.kanoon.ir/City/Agencies?state=6,2026-09-18T12:23:00+00:00
اصفهان,نطنز,نطنز,نطنز-خیابان قدس-روبروی اداره دارایی-نمایندگی کانون فرهنگی آموزش,03154226811-03154226856-03154224156-03154222256,https://www.kanoon.ir/City/Agencies?state=6,2026-09-18T12:23:00+00:00
البرز,كرج,كرج پسران,کرج - طالقانی شمالی نرسیده به پل آزادگان ابتدای خیابان مدنی آموزشگاه پژوهندگان علم-قلم چی,02632407463-02691014141-02632407442,https://www.kanoon.ir/City/Agencies?state=31,2026-09-18T12:23:00+00:00
البرز,كرج,كرج دختران,کرج طالقانی شمالی نرسیده به میدان آزادگان بعد از گل فروشی رز طبقه فوقانی آموزشگاه آشپزی سرای سبز  کانون فرهنگی آموزش واحد دختران کرج تلفن 02632131,02632240275-02632246410-02632242168-02632242190,https://www.kanoon.ir/City/Agencies?state=31,2026-09-18T12:23:00+00:00
البرز,ماهدشت,ماهدشت,اشتهارد خیابان امام، نبش آیت الله دستغیب، نرسیده به مسجد چهار محله، جنب املاک پارسیان,02617727876-02617727876-02617727876,https://www.kanoon.ir/City/Agencies?state=31,2026-09-18T12:23:00+00:00
البرز,محمد شهر,محمد شهر,محمدشهر  بلوارر امام خمینی روبروی مصلا جنب بانک مسکن ساختمان مرجان,02636215021-09198630806-09127668715-02636217928,https://www.kanoon.ir/City/Agencies?state=31,2026-09-18T12:23:00+00:00
البرز,نظرآباد,نظرآباد,نظرآباد ـ خیابان انقلاب ـ خیابان اشرفی اصفهانی - پلاک 43,02645346301-02645344225-02645344225-02645346301,https://www.kanoon.ir/City/Agencies?state=31,2026-09-18T12:23:00+00:00
البرز,هشتگرد,هشتگرد,هشتگرد-خیابان مصلی- پاساژقائم - طبقه دوم,02644240207-02644240205-02644234941-02644234940,https://www.kanoon.ir/City/Agencies?state=31,2026-09-18T12:23:00+00:00
البرز,کرج جنوب,کرج جنوب دختران,"کرج -فردیس -بین فلکه چهارم و پنجم نبش خیابان 44 شرقی جدید بالای لوازم خانگی اسنوا
فردیس پسرانه :نرسیده ب فلکه دوم خ 13 جدید پلاک 37 آموزشگاه پژوهندگان علم02636547880-02636541913
فردیس دخترانه: بین فلکه اول و دوم بین خیابان نهم و یازدهم غربی جدید آموزشگاه پژوهندگان علم 02636502855-02636591747",02636509733-02636501243,https://www.kanoon.ir/City/Agencies?state=31,2026-09-18T12:23:00+00:00
البرز,کرج دختر 2,کرج دختر 2,کرج - طالقانی شمالی نرسیده به پل آزادگان روبروی برج یادمان آموزشگاه سلاله(قلم چی),02632407463-02632407442-02691014141,https://www.kanoon.ir/City/Agencies?state=31,2026-09-18T12:23:00+00:00
البرز,کمالشهر,کمالشهر,میدان شهرداری خیابان امام خمینی نبش کوچه میعاد 25 پلاک 35 پاساژ مرکزی طبقه دوم,02634707518,https://www.kanoon.ir/City/Agencies?state=31,2026-09-18T12:23:00+00:00
ایلام,آبدانان,آبدانان پسران,ایلام-آبدانان-میدان بسیج کوچه تعاونی 5 کوچه معلم,09189436066-09183417065-08433627207-09376763069,https://www.kanoon.ir/City/Agencies?state=28,2026-09-18T12:23:00+00:00
ایلام,آبدانان,آبدانان دختران,آبدانان 15 خرداد جنوبی روبری بیمه سلامت کانون قلم چی ابدانان دختر,08433627698-08433629082-08433627698-08433629082,https://www.kanoon.ir/City/Agencies?state=28,2026-09-18T12:23:00+00:00
ایلام,ايلام 1,ايلام 1,ایلام 24 متری اشرفی اصفهانی کوچه شباهنگ روبه روی تالار بانک صادرات,09357660887-08433369360-08433365116-08433351701,https://www.kanoon.ir/City/Agencies?state=28,2026-09-18T12:23:00+00:00
ایلام,ايلام 2,ايلام 2,میدان کشوری - بلوار آزادی - کوچه آزادی 11,08432240507-09387224865-08432232118-08432240507,https://www.kanoon.ir/City/Agencies?state=28,2026-09-18T12:23:00+00:00
ایلام,ايوان,ايوان,ایوان - میدان شهید مصطفی - ساختمان دانشگاه پیام نور - نمایندگی کانون فرهنگی آموزش قلم چی,09188415794 - 09182829879 - 08433239765,https://www.kanoon.ir/City/Agencies?state=28,2026-09-18T12:23:00+00:00
ایلام,بدره,بدره,بدره-  خیابان امام -خیابان شهید سعیدی-آموزشگاه پسران نجوای قلم و دختران نجوای قلم 1,08435722845-08435722845-08435722845-08435722845,https://www.kanoon.ir/City/Agencies?state=28,2026-09-18T12:23:00+00:00
ایلام,دره شهر,دره شهر,استان ایلام - شهرستان دره شهر-خیابان معلم-کوچه ایمان,08435224342-09187480413-08435224342-09183458200,https://www.kanoon.ir/City/Agencies?state=28,2026-09-18T12:23:00+00:00
ایلام,دهلران,دهلران,دهلران  خیابان امام خیابان خیام جنب آزمایشگاه نظری,08433729007-08433720018-08433729007-08433722215,https://www.kanoon.ir/City/Agencies?state=28,2026-09-18T12:23:00+00:00
ایلام,سرابله,سرابله,سرابله  میدان معلم بلوار بسیج جنب فرمانداری,09185126980-08434225090-09183426516,https://www.kanoon.ir/City/Agencies?state=28,2026-09-18T12:23:00+00:00
ایلام,ملكشاهي,ملكشاهي,ارکوازملکشاهی انتهای خیابان آیت کانون قلم چی,08433852252-08433852252-08433852252-08433852252,https://www.kanoon.ir/City/Agencies?state=28,2026-09-18T12:23:00+00:00
بوشهر,برازجان,برازجان,برازجان -خیابان فردوسی روبروی مجتمع فنی تهران,09173732725-07734270147-07734259827-07734270042,https://www.kanoon.ir/City/Agencies?state=26,2026-09-18T12:23:00+00:00
بوشهر,بندر دير,بندر دير,ورودی شهر-بلوار شهید بهشتی-مجتمع فرهنگی هنری نفت-طبقه همکف,07735425556-07735428808-09398225556-07735428803,https://www.kanoon.ir/City/Agencies?state=26,2026-09-18T12:23:00+00:00
بوشهر,بندر ديلم,بندر ديلم,خیابان شهید فهمیده خیابان ولی عصر جنب اژانس شایان مهر اموزشگاه علمی معرفت,07724256092-07724254080-07724256051-07724255701,https://www.kanoon.ir/City/Agencies?state=26,2026-09-18T12:23:00+00:00
بوشهر,بندر گناوه,بندر گناوه,گناوه خ پیروزی روبروی پمپ بنزین 07723234997-07723230591,09368298806,https://www.kanoon.ir/City/Agencies?state=26,2026-09-18T12:23:00+00:00
بوشهر,بندر کنگان,بندر کنگان,شهرک ایثار 3 فرعی شانزدهم,07737236936 - 09362475379,https://www.kanoon.ir/City/Agencies?state=26,2026-09-18T12:23:00+00:00
بوشهر,بوشهر پسر,بوشهر پسر,خیابان سنگی (بلوار امام خمینی ره) کوچه بوستان 15 سمت راست ، فرعی اول  کانون فرهنگی آموزش قلم چی بوشهر واحد پسران,07733532638-09104506125,https://www.kanoon.ir/City/Agencies?state=26,2026-09-18T12:23:00+00:00
بوشهر,بوشهر دختر,بوشهر دختر,خیابان امام خمینی(ره) کوچه بوستان ۱ کانون فرهنگی آموزش قلم چی,۳۳۵۳۴۵۹۸,https://www.kanoon.ir/City/Agencies?state=26,2026-09-18T12:23:00+00:00
بوشهر,تنگستان,تنگستان,بوشهر-اهرم تنگستان-خ انقلاب- روبروی اداره برق -کنارمغازه کالا ه برق سامعی-آموزشگاه عصر دانش تنگستان,07725226111-07725226434-07725226111-07725226434,https://www.kanoon.ir/City/Agencies?state=26,2026-09-18T12:23:00+00:00
بوشهر,جم,جم,جم - میدان امام حسین - خیابان فرمانداری ( خیابان معلم ) - مدرسه خدیجه کبری -کدپستی 7558754677,07737626549,https://www.kanoon.ir/City/Agencies?state=26,2026-09-18T12:23:00+00:00
بوشهر,خورموج,خورموج,بوشهر خورموج خیابان شهید مطهری کوچه شمال عکاسی افشین روبرو زبانکده خوارزمی واحد دختران,07735321100-07735323850-07735321199-07735321212,https://www.kanoon.ir/City/Agencies?state=26,2026-09-18T12:23:00+00:00
بوشهر,دلوار,دلوار,دلوار - خیابان شهید احمدی هنرستان کارودانش تلاش,07725622080,https://www.kanoon.ir/City/Agencies?state=26,2026-09-18T12:23:00+00:00
تهران,اسلامشهر,اسلامشهر پسران,باغ فیض -کوچه ششم - پلاک 33-کانون فرهنگی آموزش قلم چی (واحد پسران),021-56358803-021-56366466,https://www.kanoon.ir/City/Agencies?state=1,2026-09-18T12:23:00+00:00
تهران,اسلامشهر,اسلامشهر دختران,اسلامشهرخیابان امام محمد باقر نبش عدالت 3-پلاک 36 - کانون فرهنگی آموزش (واحد دختران),02156351870-02156352070,https://www.kanoon.ir/City/Agencies?state=1,2026-09-18T12:23:00+00:00
تهران,باغستان,باغستان,باغستان_خادم آباد-روبه روی تالار گل شب-طبقه فوقانی بانک صادرات طبقه اول   واحد یک,65230620-65233770,https://www.kanoon.ir/City/Agencies?state=1,2026-09-18T12:23:00+00:00
تهران,پاكدشت,پاكدشت,میدان ساعت بلوار جنوبی شهید قمی کوچه  گلستان سوم دبستان فاطمیه نمایندگی کانون فرهنگی آموزش,02136022794,https://www.kanoon.ir/City/Agencies?state=1,2026-09-18T12:23:00+00:00
تهران,پرديس,پرديس,"واحد دختران پردیس : فاز ۲ میدان امام بلوار ملاصدرا پاساژ کوه نور 
ط دوم پلاک ۸۶- تلفن.۷۶۲۴۱۳۷۰- ۰۹۳۳۰۷۱۵۵۶۸


واحد پسران پردیس:پردیس فاز ۱ میدان عدالت .نبش میدان مجتمع رزمندگان گلستان ساختمان E2طبقه چهارم واحد ۱۸ آموزشگاه خیام پردیس  ۷۶۲۸۵۹۴۹_۰۹۲۱۲۹۵۳۶۲۴",02176292943-02176292931,https://www.kanoon.ir/City/Agencies?state=1,2026-09-18T12:23:00+00:00
تهران,پرند2,پرند2,"دفتر 1:میدان استقلال جنب بانک توسعه تعاون بلوک e ورودی ۵ طبقه ۲ اموزشگاه مطهره قلم چی ۵۶۲۱۸۳۸۵-۵۶۲۱۸۸۷۱-۵۶۲۱۸۸۷۳
دفتر2:پرند خیابان ستاره نبش خیابان کوهستان پلاک 86 اموزشگاه کاوش
56218026-56218613-56218415-56217944
دفتر 3: فاز 1 خیابان البرز جنوبی نبش زردکوه ششم پلاک 36 تلفن 56219324",56218026-56218613-56218415-56217944,https://www.kanoon.ir/City/Agencies?state=1,2026-09-18T12:23:00+00:00
تهران,تهران جنوب و مرکز,تهران جنوب و مرکز (انقلاب),خیابان انقلاب  تقاطع فلسطین نرسیده به صبا پلاک 1015,02166962400-02166951521-02166951522-02166951523,https://www.kanoon.ir/City/Agencies?state=1,2026-09-18T12:23:00+00:00
تهران,تهران شرق,تهران شرق  (رسالت و دردشت),"واحد دختران شرق: بزرگراه رسالت، خیابان حیدرخانی، خیابان ملک لو ،پلاک ۱۵۸ 

واحد پسران شرق :  بزرگراه رسالت - شرق به غرب - بعد از ایستگاه مترو علم و صنعت - بعد از خیابان حیدرخانی - پلاک 547",دختران (02177205771 - 02177452838) -پسران (02177452431-02177454512),https://www.kanoon.ir/City/Agencies?state=1,2026-09-18T12:23:00+00:00
تهران,تهران شمال,تهران شمال (سیدخندان),تهران شمال-ضلع جنوب غربی پل سید خندان- انتهای خیابان میر مطهری- جنب بانک ملت - ساختمان شماره 12,02188511260-02188511261-02188519165-02188511397,https://www.kanoon.ir/City/Agencies?state=1,2026-09-18T12:23:00+00:00
تهران,تهران شمال,تهران شمال (شریعتی),خیابان شريعتی، 400 متر بالاتر از مترو قيطريه، ساختمان ۱۷۷۵، پلاک ۱۸۲۹,02122200069 - 02122247111 - 02126429847,https://www.kanoon.ir/City/Agencies?state=1,2026-09-18T12:23:00+00:00
تهران,تهران غرب,تهران غرب (صادقیه),تهران غرب -  فلکه2صادقیه پشت پارک استقلال خیابان گلستان یکم پلاک5 طبقه2,-02144042716-02144058323-02144059668,https://www.kanoon.ir/City/Agencies?state=1,2026-09-18T12:23:00+00:00
تهران,دماوند,دماوند,گیلاوند بلوار شهید بهشتی رو به روی پاساژ یوتا شماره تماس: ۰۲۱۷۶۳۰۲۹۸۵,۰۲۱۷۶۳۰۲۹۸۵,https://www.kanoon.ir/City/Agencies?state=1,2026-09-18T12:23:00+00:00
تهران,رباط كريم,رباط كريم,"دفتر 1 : بلوار امام خمینی خیابان نیروی انتظامی جنب انتظام سوم پلاک 103 آموزشگاه مطهره




دفتر 2:  بلوار اصلی ( امام خمینی) روبروی بانک ملت دفتر کانون فرهنگی آموزش",56215654-56212926-56213923-56215761-56215762,https://www.kanoon.ir/City/Agencies?state=1,2026-09-18T12:23:00+00:00
تهران,رودهن,رودهن,"واحد پسران : رودهن روبروی بانک صادرات طبقه ی دوم آموزشگاه خیام رودهن

واحد دختران : فاز ۲ میدان امام بلوار ملاصدرا پاساژ کوه نور 
ط دوم پلاک ۸۶- تلفن.۷۶۲۴۱۳۷۰- ۰۹۳۳۰۷۱۵۵۶۸",02176502905-02176500994-02176514062-02176502905,https://www.kanoon.ir/City/Agencies?state=1,2026-09-18T12:23:00+00:00
تهران,شهر قدس,شهر قدس,"دختران : میدان قدس - ابتدای بلوار امام خمینی - ساختمان رویال - ط اول 
۴۶۸۸۰۷۰۰
۴۶۸۲۵۰۰۲
پسران : بلوار ۴۵ متری انقلاب - روبروی پارک آزادگان- ابتدای خ کشاورز - ساختمان رز آبی - ورودی B - ط دوم
۴۶۸۱۳۰۰۰
۴۶۸۳۷۱۸۱",۴۶۸۳۷۱۸۱-۴۶۸۱۳۰۰۰-۴۶۸۲۵۰۰۲-۴۶۸۸۰۷۰۰,https://www.kanoon.ir/City/Agencies?state=1,2026-09-18T12:23:00+00:00
تهران,شهرري,شهرري پسران,شهرری خ فداییان اسلام رو به روی پمپ بنزین جنب بیمه حسین اباد پ۲۹۴ اموزشگاه عرفان,02155901895-02155918826-02155971897-02155971896,https://www.kanoon.ir/City/Agencies?state=1,2026-09-18T12:23:00+00:00
تهران,شهرري,شهرري دختران,تهران شهرری میدان شهرری خیابان قم خیابان شهید غیبی مجتمع دکتر حسابی,02155973808-02155965793,https://www.kanoon.ir/City/Agencies?state=1,2026-09-18T12:23:00+00:00
تهران,شهريار,شهريار,1 - شهریار-خ ولیعصر-روبروی بیمارستان امام سجاد ع - طبقه فوقانی پاساژ تهرانی 2-شهرجدیداندیشه نبش میدان ورودی اصلی فاز3,02165559265-02165565460-02165220407-02165229374,https://www.kanoon.ir/City/Agencies?state=1,2026-09-18T12:23:00+00:00
تهران,فيروزكوه,فيروزكوه,فیروزکوه - خیابان پاسداران - پایین تر از پمپ بنزین - کوی فاطمیه - پلاک 4,02166402025-02176445966-02176445966-02176444144,https://www.kanoon.ir/City/Agencies?state=1,2026-09-18T12:23:00+00:00
تهران,قصرفیروزه,قصرفیروزه,"اتوبان بسیج ، جنب بیمارستان بعثت، شهرک شهید شجاعی مجتمع فرهنگی شهید شجاعی 
اتوبان بسیج، ١٥ متری چهارم افسریه، شهرک شهید بهشتی نرسیده به اتکا، فرهنگسرای شهید بهشتی",۳۳۲۳۴۲۰۰ - ۳۳۲۳۴۹۱۲-٣٣٨٠٩٦٨١ - ٣٣٦٥١٠٠٦,https://www.kanoon.ir/City/Agencies?state=1,2026-09-18T12:23:00+00:00
تهران,لواسان,لواسان,لواسان کوجک  خیابان معلم نبش گل چمن پلاک64,02126544680-02126549551-02126540216,https://www.kanoon.ir/City/Agencies?state=1,2026-09-18T12:23:00+00:00
تهران,مشيريه,مشيريه,مشیریه - خیابان سی متری صالحی چهارراه دوم خیابان مطلبی شرقی پلاک 42,02133470967-02136641026-02133470121-02136641363,https://www.kanoon.ir/City/Agencies?state=1,2026-09-18T12:23:00+00:00
تهران,ملارد,ملارد,"ملارد مارلیک میدان گلها ابتدای خیابان کسری جنب داروخانه شبانه روزی مجتمع تجاری کاخ طبقه اول 

ملارد،مارلیک،خیابان دکتر حسابی روبه روی بلوار آرش جنب بانک ملی",02165150005-02165155665-02165103485-02165103486,https://www.kanoon.ir/City/Agencies?state=1,2026-09-18T12:23:00+00:00
تهران,نسیم شهر,نسیم شهر,"خیابان امام خمینی بین بانک مسکن و کلانتری کوچه مدرسه پلاک 5
02156766772
خیابان امام خمینی بین خیابان اول و دوم رو به روی پلیس +10 موسسه ستارگان
02156784800",56766772-56784800,https://www.kanoon.ir/City/Agencies?state=1,2026-09-18T12:23:00+00:00
تهران,ورامين,ورامين,ورامین بلوار ش باهنر ایستگاه سیلو آموزشگاه بیان و دهخدا,02136242048-02136242862-02136240142-02136247500,https://www.kanoon.ir/City/Agencies?state=1,2026-09-18T12:23:00+00:00
چهارمحال و بختیاری,بروجن,بروجن,بروجن فلکه شهید کوچه اعتمادی مطب سابق دکتراخلاصی,34237310-34237312-34232825-34235865,https://www.kanoon.ir/City/Agencies?state=20,2026-09-18T12:23:00+00:00
چهارمحال و بختیاری,بن,بن,بن خیابان امام خمینی کوچه ۹ پلاک ۴,03833726232,https://www.kanoon.ir/City/Agencies?state=20,2026-09-18T12:23:00+00:00
چهارمحال و بختیاری,سامان,سامان,سامان - خیابان عمان- بالاتر از مدرسه دکتر شریعتی - طبقه همکف - کانون فرهنگی آموزش - نمایندگی سامان,03833523985-03833525604-03833525604,https://www.kanoon.ir/City/Agencies?state=20,2026-09-18T12:23:00+00:00
چهارمحال و بختیاری,شهركرد,شهركرد,بلوار کاشانی،حدفاصل میدان آیت الله دهکردی و چهاراره طالقانی، نبش کوچه 64 پلاک 1,03832251851-03832221011-03832221012-03832244830,https://www.kanoon.ir/City/Agencies?state=20,2026-09-18T12:23:00+00:00
چهارمحال و بختیاری,فارسان,فارسان,فارسان خیابان طالقانی بالاتر از چهاراه امیر کبیر روبروی بوستان غدیر,03833221002-03833220069-03833231101-03833227138,https://www.kanoon.ir/City/Agencies?state=20,2026-09-18T12:23:00+00:00
چهارمحال و بختیاری,فرخ شهر,فرخ شهر,فرخ شهر  بلوار ولی عصر نرسیده به چهار راه حافظ,03832425100-03832421020-03832429099,https://www.kanoon.ir/City/Agencies?state=20,2026-09-18T12:23:00+00:00
چهارمحال و بختیاری,فلارد,فلارد,استان چهار محال وبختیاری شهرستان لردگان  منطقه فلارد شهر مالخلیفه خیابان بسیج کانون بعثت مالخلیفه,09130247515-03834482368-09134808928-09132817515,https://www.kanoon.ir/City/Agencies?state=20,2026-09-18T12:23:00+00:00
چهارمحال و بختیاری,كيار,كيار,شهرستان کیار شلمزار خیابان انقلاب پلاک 123,03832624037-09131853951-03832624222,https://www.kanoon.ir/City/Agencies?state=20,2026-09-18T12:23:00+00:00
چهارمحال و بختیاری,لردگان,لردگان,چهارراه معلم خیابان دادگستری نرسیده به دادگاه دفتر نمایندگی کانون فرهنگی آموزش لردگان,03834443698-09140861105-03834443698-09133843795,https://www.kanoon.ir/City/Agencies?state=20,2026-09-18T12:23:00+00:00
چهارمحال و بختیاری,هفشجان,هفشجان,چهارمحال و بختیاری - شهرکرد - هفشجان -خیابان کاشانی- نبش خیابان بعثت- روبه روی پاساژ نظر,09139831770-09134290799,https://www.kanoon.ir/City/Agencies?state=20,2026-09-18T12:23:00+00:00
چهارمحال و بختیاری,کيان,کيان,شهرکیان میدان پیامبر اعظم ص ساختمان دبستان پزوهش,03833323839,https://www.kanoon.ir/City/Agencies?state=20,2026-09-18T12:23:00+00:00
خراسان جنوبی,بشرويه,بشرويه,خراسان جنوبی-بشرویه-بلوار انقلاب- انقلاب 13-روبروی مسجدامیرالمومنین,05632785366-05632785007-09153353800-09381563729,https://www.kanoon.ir/City/Agencies?state=30,2026-09-18T12:23:00+00:00
خراسان جنوبی,بيرجند,بيرجند,بیرجند-میدان سوم مدرس-سیدجمال الدین اسدآبادی-نرسیده به میدان توحید-پلاک17-کانون فرهنگی آموزش,05632458267 05632458202,https://www.kanoon.ir/City/Agencies?state=30,2026-09-18T12:23:00+00:00
خراسان جنوبی,سرايان,سرايان,سرایان:امام خمینی14- بازار میثم-روبه روی ساندویچی سبحان,05632883141-05632882801-05632882801-05632883141,https://www.kanoon.ir/City/Agencies?state=30,2026-09-18T12:23:00+00:00
خراسان جنوبی,سربيشه,سربيشه,"سربیشه-نبش مطهری 19 و دفتر دوم
اسدیه- نبش آزادگان 2",05632662275-05632122283-09154407617,https://www.kanoon.ir/City/Agencies?state=30,2026-09-18T12:23:00+00:00
خراسان جنوبی,فردوس,فردوس,فردوس خیابان امام خمینی ابتدای خیابان قائم کانون فرهنگی آموزش کدپستی9771994447,05632721246-05632721251-09153356609,https://www.kanoon.ir/City/Agencies?state=30,2026-09-18T12:23:00+00:00
خراسان جنوبی,قائن,قائن,قاین-میدان مبارزان(ترمینال) کوچه شهید شیرودی روبروی شیرودی ۳,۰۵۶۳۲۵۲۷۳۶۰-۳۲۵۲۷۳۶۱-۰۹۱۲۵۳۴۳۲۸۷-۰۹۱۵۱۶۲۵۶۹۱,https://www.kanoon.ir/City/Agencies?state=30,2026-09-18T12:23:00+00:00
خراسان جنوبی,نهبندان,نهبندان,میدان غدیر - خیابان هاشمپور-  کانون فرهنگی آموزش قلم چی,05632620774-05632626228-05632626228-05632620774,https://www.kanoon.ir/City/Agencies?state=30,2026-09-18T12:23:00+00:00
خراسان رضوی,بجستان,بجستان,خراسان رضوی- شهرستان بجستان-خیابان کشاورز-کانون فرهنگی آموزش,09153752240-05156523332-05156525553-05156523332,https://www.kanoon.ir/City/Agencies?state=2,2026-09-18T12:23:00+00:00
خراسان رضوی,تايباد,تايباد,شهرک امام حسین- نبش گلستان9- پلاک25,05154548037-05154548038,https://www.kanoon.ir/City/Agencies?state=2,2026-09-18T12:23:00+00:00
خراسان رضوی,تربت جام,تربت جام,خراسان رضوی - شهرستان تربت جام - خ قرض الحسنه المهدی - مدرس 14 - پلاک 165 - کانون فرهنگی آموزش قلم چی,05152541505-05152533005-05152534600-05152533005,https://www.kanoon.ir/City/Agencies?state=2,2026-09-18T12:23:00+00:00
خراسان رضوی,تربت حيدريه,تربت حيدريه,تربت حیدریه خیابان باغملی بعد از مطهری 9 طبقه بالا پاساژمسعود- پلاک 73  گناباد خیابان امام خمینی - بین امام خمینی 4 و 6 فیض آبادجنب کتابخانه بهشتی,05152242439-05152225089-05152225089-05157250696,https://www.kanoon.ir/City/Agencies?state=2,2026-09-18T12:23:00+00:00
خراسان رضوی,چناران,چناران,بلوار طالقانی - خیابان طالقانی 9 - کانون فرهنگی آموزش,05146132338-05146122553-05146122190-05146131424,https://www.kanoon.ir/City/Agencies?state=2,2026-09-18T12:23:00+00:00
خراسان رضوی,خواف,خواف,خراسان رضوی-شهرستان خواف-خیابان حافظ ابرو - نرسیده به چهارراه فاطمه الزهرا,05154228566-09157103090-09155322622-09153325546,https://www.kanoon.ir/City/Agencies?state=2,2026-09-18T12:23:00+00:00
خراسان رضوی,در‌گز,در‌گز,درگز-خیابان پنجراه فرمانداری-خیابان فرعی طالقانی روبروی غیر انتفاعی اختران -دفتر کانون فرهنگی آموزش,05146230400-05146222882-05146231655,https://www.kanoon.ir/City/Agencies?state=2,2026-09-18T12:23:00+00:00
خراسان رضوی,سبزوار,سبزوار,سبزوار خ کاشفی شمالی - کاشفی 15ساختمان فرهنگ,05144232033-09035714470-05144240286-05144237033,https://www.kanoon.ir/City/Agencies?state=2,2026-09-18T12:23:00+00:00
خراسان رضوی,سرخس,سرخس,سرخس - بلوار پاسداران- پاسداران 7 پلاک14,05134521559-05134539107-09151038870,https://www.kanoon.ir/City/Agencies?state=2,2026-09-18T12:23:00+00:00
خراسان رضوی,فريمان,فريمان,فریمان، خیابان عدالت، عدالت5، مجتمع عدالت,05134639086-05134633356-05134639086,https://www.kanoon.ir/City/Agencies?state=2,2026-09-18T12:23:00+00:00
خراسان رضوی,قوچان,قوچان,قوچان-بازار عشق آباد-خیابان شهید شکری-نبش شکری10,05147244433-05147242094-05147233822-05147222861,https://www.kanoon.ir/City/Agencies?state=2,2026-09-18T12:23:00+00:00
خراسان رضوی,كاشمر,كاشمر,کاشمر خیابان امام خمینی۱۲پلاک۲۰,۰۵۱۵۵۲۲۸۸۸۷-۰۵۱۵۵۲۴۷۸۸۷-۰۵۱۵۵۲۲۸۸۷۶,https://www.kanoon.ir/City/Agencies?state=2,2026-09-18T12:23:00+00:00
خراسان رضوی,كلات,كلات,خراسان رضوی-شهرستان کلات-خیابان امام خمینی 14-کوچه دانش,05134723137,https://www.kanoon.ir/City/Agencies?state=2,2026-09-18T12:23:00+00:00
خراسان رضوی,گناباد,گناباد,چهارراه گیتی نورد طبقه پائین بانک سپه (انصار سابق),57220888-57257979-09386507807,https://www.kanoon.ir/City/Agencies?state=2,2026-09-18T12:23:00+00:00
خراسان رضوی,مشهد,مشهد پسران,مشهد- خیابان فلسطین، کوچه فلسطین 19، پلاک88,05138410678-05138474672-05138475677 -05138413471,https://www.kanoon.ir/City/Agencies?state=2,2026-09-18T12:23:00+00:00
خراسان رضوی,مشهد جنوب,مشهد جنوب دختران,مشهد -امام رضا 37 بعد از چهارراه چهارم سمت راست پلاک 143,05138581833-05138582650-05138582651,https://www.kanoon.ir/City/Agencies?state=2,2026-09-18T12:23:00+00:00
خراسان رضوی,مشهد,مشهد دختران,مشهد-سناباد 50-پلاک97-کانون فرهنگی آموزش,05138468719-05138468721-05138468720,https://www.kanoon.ir/City/Agencies?state=2,2026-09-18T12:23:00+00:00
خراسان رضوی,مشهد شرق,مشهد شرق پسران,بلوار اول طبرسی بین چهارراه گاز و طبرسی 52,0532717298-05132727970,https://www.kanoon.ir/City/Agencies?state=2,2026-09-18T12:23:00+00:00
خراسان رضوی,مشهد شرق,مشهد شرق دختران,مشهد - میدان شهدا - خیابان عبادی7- پلاک39,05132293160,https://www.kanoon.ir/City/Agencies?state=2,2026-09-18T12:23:00+00:00
خراسان رضوی,مشهد شمال غرب,مشهد شمال غرب پسران,خیابان قاسم آباد بین امامیه 42 و تقاطع چهارراه دکتر حسابی,05136204157-05136204158-05136204159-05136204160-05136228029-05136204156,https://www.kanoon.ir/City/Agencies?state=2,2026-09-18T12:23:00+00:00
خراسان رضوی,مشهد شمال‌غرب,مشهد شمال‌غرب دختران,مشهد - قاسم اباد - بین امامیه 31و33- بلوار استاد یوسفی - نبش استاد یوسفی 22 پلاک 166,05136615856-05136616189,https://www.kanoon.ir/City/Agencies?state=2,2026-09-18T12:23:00+00:00
خراسان رضوی,مشهد غرب,مشهد غرب پسران,بلوار وکیل آبادبین وکیل آباد 20و22 پلاک 496- جنب بانک تجارت,05138647282-05138946542-05138941833,https://www.kanoon.ir/City/Agencies?state=2,2026-09-18T12:23:00+00:00
خراسان رضوی,مشهد غرب,مشهد غرب دختران,مشهد بلوار وکیل آباد بین حافظ و سه راه آب و برق جنب رستوران مرادی پلاک616,05138944084-05137690777,https://www.kanoon.ir/City/Agencies?state=2,2026-09-18T12:23:00+00:00
خراسان رضوی,مشهدجنوب,مشهدجنوب پسران,میدان بسیج - خیابان امام رضا- نبش امام رضا 44- پلاک 7,05138528987-05138529638,https://www.kanoon.ir/City/Agencies?state=2,2026-09-18T12:23:00+00:00
خراسان رضوی,نيشابور,نيشابور,خیابان 15 خرداد-11جنب بانک کشاورزی-کانون فرهنگی آموزش,055142227432-055142223728-055142227432,https://www.kanoon.ir/City/Agencies?state=2,2026-09-18T12:23:00+00:00
خراسان شمالی,آشخانه,آشخانه,آشخانه خیابان شهید مطهری کوچه شهید قلی زاده پلاک 53,05832920866-05832923217-05832923367-09156426005,https://www.kanoon.ir/City/Agencies?state=29,2026-09-18T12:23:00+00:00
خراسان شمالی,اسفراين,اسفراين,خیابان فرومندی نبش فرومندی3 کانون فرهنگی آموزش,05837232974-05837237749-05837220292-09153692781,https://www.kanoon.ir/City/Agencies?state=29,2026-09-18T12:23:00+00:00
خراسان شمالی,بجنورد 1,بجنورد 1 (پسران),"۱۷ شهریور جنوبی چهارراه آزادی (شهدای غواص) حاشیه آزادی نرسیده به آزادی ۱۶ پ ۱۲۹
ابتدایی: 09394283545
متوسطه اول :09391373089
متوسطه دوم :09154905675
ثبت نام:09154246731",09394283545-.9391373089-09154905675-09154246731,https://www.kanoon.ir/City/Agencies?state=29,2026-09-18T12:23:00+00:00
خراسان شمالی,بجنورد 2,بجنورد 2 (دختران),بجنوردخیابان استقلال کوچه استقلال12دبیرستان علوم,05832250133-05832255228-05832412326,https://www.kanoon.ir/City/Agencies?state=29,2026-09-18T12:23:00+00:00
خراسان شمالی,جاجرم,جاجرم,جاجرم خیابان مصطفی خمینی روبه رو مصطفی خمینی 4,05832277491-09902357197-09159834086-05832277687,https://www.kanoon.ir/City/Agencies?state=29,2026-09-18T12:23:00+00:00
خراسان شمالی,راز و جرگلان,راز و جرگلان,راز- خیابان امام خمینی جنوبی- روبه‌روی مدیریت آموزش و پرورش,05832624560,https://www.kanoon.ir/City/Agencies?state=29,2026-09-18T12:23:00+00:00
خراسان شمالی,شيروان,شيروان,شیروان - خیابان جنت - بین ورزش و رزاز - کانون فرهنگی آموزش قلم چی,05836224914-05836234100-05836221155-05836234100,https://www.kanoon.ir/City/Agencies?state=29,2026-09-18T12:23:00+00:00
خوزستان,آبادان,آبادان,ابادان- خیابان دبستان نبش نادری ساختمان سابق دبستان مهرگان - مجتمع آمورشی بهشت (قلم چی),090227582444-06153240583-06153240420-06153240553,https://www.kanoon.ir/City/Agencies?state=5,2026-09-18T12:23:00+00:00
خوزستان,اميديه,اميديه,امیدیه.بلوار امام علی.نرسیده ب مرکز تجاری.روبروی مهدکودک سمانه,09059125575,https://www.kanoon.ir/City/Agencies?state=5,2026-09-18T12:23:00+00:00
خوزستان,انديمشك,انديمشك,میدان خلیج فارس-جنب اداره مشترکین برق- نمایندگی کانون فرهنگی اموزش,06424225486-06424225361-06424223655-06424222409,https://www.kanoon.ir/City/Agencies?state=5,2026-09-18T12:23:00+00:00
خوزستان,اهواز,اهواز,اهواز ـ خیابان سلمان فارسی ـ نبش خیابان ادهم ـ جنب داروخانه فاطیما  طبقه سوم                  کانون فرهنگی آموزش قلم چی,-06132922643-06132219220,https://www.kanoon.ir/City/Agencies?state=5,2026-09-18T12:23:00+00:00
خوزستان,ايذه,ايذه,خوزستان ایذه خیابان خرمشهر جنب مسجد جامع                                                                   واحد برادران خیابان حافظ جنوبی,06143623771-06143622106-06143626487,https://www.kanoon.ir/City/Agencies?state=5,2026-09-18T12:23:00+00:00
خوزستان,باغ ملك,باغ ملك,باغملک خیابان امام روبه روی بانک رفاه کوچه سعدی,06143721766-06143725636-06143721766-06143722844,https://www.kanoon.ir/City/Agencies?state=5,2026-09-18T12:23:00+00:00
خوزستان,بندر امام خميني,بندر امام خميني,خوزستان-بندرامام خمینی-سربندر-فلکه فانوس بسمت فاز 3 طرح سبدی گاز ساختمان سنگ سفید پلاک 14,06152232218-06152232219-06152247263-06152221501,https://www.kanoon.ir/City/Agencies?state=5,2026-09-18T12:23:00+00:00
خوزستان,بهبهان,بهبهان پسران,خیابان کرم نسب نرسیده به آژانس تلفنی میلاد ساختمان قلم چی,06152823834-06152823835,https://www.kanoon.ir/City/Agencies?state=5,2026-09-18T12:23:00+00:00
خوزستان,بهبهان دختر پايه,بهبهان دختر پايه,بهبهان خیابان کرم نسب جنب چاپخانه لدنی مدرسه برتران ارجان,خانم رسولی:۰۹۳۸۴۴۶۵۲۴۲,https://www.kanoon.ir/City/Agencies?state=5,2026-09-18T12:23:00+00:00
خوزستان,بهبهان,بهبهان دختران,بهبهان میدان لاله-بعد از پل شهرداری-بلوار نیاکان,06152873288-06152876171-06152876170-09166713611,https://www.kanoon.ir/City/Agencies?state=5,2026-09-18T12:23:00+00:00
خوزستان,خرمشهر,خرمشهر,خرمشهر ،خیابان چهل متری ،بین فلکه الله و فلکه اردیبهشت ،جنب بیمه ی آسیا,۵۳۵۲۴۵۷۵ ۵۳۵۲۳۷۵۷,https://www.kanoon.ir/City/Agencies?state=5,2026-09-18T12:23:00+00:00
خوزستان,دزفول,دزفول,دزفول خیابان آفرینش بین شریعتی و طالقانی جنب دبیرستان حجاب,06142253650-06142253651-06142253652-06142220883,https://www.kanoon.ir/City/Agencies?state=5,2026-09-18T12:23:00+00:00
خوزستان,دشت آزادگان,دشت آزادگان,سوسنگرد خیابان سینما روبروی اداره ی برق کوچه محلاتی,06136751030,https://www.kanoon.ir/City/Agencies?state=5,2026-09-18T12:23:00+00:00
خوزستان,رامهرمز,رامهرمز,خوزستان - رامهرمز-خیابان طالقانی غربی خیابان شهید چراغزاده - روبروی شهرداری انتهای کوچه جنب کارواش محمد,06143520707-06143520707-06143535186-06143535186,https://www.kanoon.ir/City/Agencies?state=5,2026-09-18T12:23:00+00:00
خوزستان,زيدون,زيدون,زیدون-خیابان شهید غلامپور-جنب بخشداری-ساختمان پست قدیم,06152892481-06152893390-06152893322-06152893390,https://www.kanoon.ir/City/Agencies?state=5,2026-09-18T12:23:00+00:00
خوزستان,شادگان,شادگان,خوزستان- شادگان- عباس آباد-  خیابان آزادی - بعد مسجد امام حسن مجتبی - کوچه میثم- دبیرستان غیرانتفاعی باب الحوایج,06153724777,https://www.kanoon.ir/City/Agencies?state=5,2026-09-18T12:23:00+00:00
خوزستان,شوش دانيال,شوش دانيال,خوزستان -  شهرستان شوش خیابان شهید دانش بین میدان هفت تیر و بسیج - کانون فرهنگی آموزش,06425229894-06425264522-06425229895-06425222929,https://www.kanoon.ir/City/Agencies?state=5,2026-09-18T12:23:00+00:00
خوزستان,شوشتر,شوشتر,خیابان شریعتی غربی - روبروی سازمان آب و فاضلاب - جنب رستوران شمشاد,06136210013-06136210015-06136210016-06136219137,https://www.kanoon.ir/City/Agencies?state=5,2026-09-18T12:23:00+00:00
خوزستان,گتوند,گتوند,گتوند خیابان استقلال- ابتدای خیابان وحدت -کانون پویا,06136321321,https://www.kanoon.ir/City/Agencies?state=5,2026-09-18T12:23:00+00:00
خوزستان,لالي,لالي,خیابان طالقانی انتهای خیابان آزادگان,06143296040-06143296299-06143296040-06143296299,https://www.kanoon.ir/City/Agencies?state=5,2026-09-18T12:23:00+00:00
خوزستان,ماه شهر,ماه شهر,ناحیه صنعتی پشت فرهنگ سرای فردوسی کوچه قضات 2 مجتمع فرهنگی آموزشی حیاتی,06152343627-06152344298-06152344288-06152343623,https://www.kanoon.ir/City/Agencies?state=5,2026-09-18T12:23:00+00:00
خوزستان,مسجدسليمان,مسجدسليمان,مسجدسلیمان- خیابان آزادی- خیابان 17 شهریور جنب عینک سازی میلاد,06812226280-06812228805,https://www.kanoon.ir/City/Agencies?state=5,2026-09-18T12:23:00+00:00
خوزستان,هنديجان پسر,هنديجان پسر,هندیجان شمالی  - خیابان شریعتی - آموزشگاه علمی عصر علم,06152572788-06152570957,https://www.kanoon.ir/City/Agencies?state=5,2026-09-18T12:23:00+00:00
خوزستان,هنديجان دختر,هنديجان دختر,خیابان فرهنگیان خیابان نظامی کوچه سوم پلاک 390,06152573708-06152573708-09163531752-09163531752,https://www.kanoon.ir/City/Agencies?state=5,2026-09-18T12:23:00+00:00
زنجان,ابهر,ابهر,ابهر خیابان ولیعصر کوچه امامی آموزشگاه طلوع پلاک 16,02435224290-02435226306-02435271932,https://www.kanoon.ir/City/Agencies?state=23,2026-09-18T12:23:00+00:00
زنجان,خدابنده,خدابنده,میدان سهروردی-خیابان محیط زیست  صیاد شیرازی - ساختمان بهزادپور کانون فرهنگی آموزش,02424220888-02424210777,https://www.kanoon.ir/City/Agencies?state=23,2026-09-18T12:23:00+00:00
زنجان,خرمدره,خرمدره,خیابان سیدجمال الدین جنب بانک ملی آموزشگاه طلوع,02435536966,https://www.kanoon.ir/City/Agencies?state=23,2026-09-18T12:23:00+00:00
زنجان,زنجان,زنجان,"واحد بهار( کتابسرا) : سعدی شمالی خیابان بهار نبش دست نشان تلفن:  02433448888  و  02433448878
واحد تدبیر: سعدی وسط کوچه مستشیری، کوچه معجزاتی تلفن تماس : 02433329226
واحد بهمن: بزرگراه 22 بهمن روبه روی حسینیه عاشقان ثارالله  تلفن تماس  02433457523",02433448888-02433448878-02433329226,https://www.kanoon.ir/City/Agencies?state=23,2026-09-18T12:23:00+00:00
سمنان,بيارجمند,بيارجمند,بیارجمند - میدان قدس جنب دبیرستان فجرنور,02332674380,https://www.kanoon.ir/City/Agencies?state=21,2026-09-18T12:23:00+00:00
سمنان,دامغان,دامغان,دامغان بلوار شمالی رو به روی پارک ملت,35243400-35238180,https://www.kanoon.ir/City/Agencies?state=21,2026-09-18T12:23:00+00:00
سمنان,سمنان,سمنان,سمنان بلوار قائم خیابان شهید فخار پلاک 142,02333334365-02333330199-02333443021,https://www.kanoon.ir/City/Agencies?state=21,2026-09-18T12:23:00+00:00
سمنان,شاهرود,شاهرود,شاهرود- خیابان پیشوا - جنب کوچه 4- رو به روی فروشگاه جانبو,02332343521 و 02332331420,https://www.kanoon.ir/City/Agencies?state=21,2026-09-18T12:23:00+00:00
سمنان,گرمسار,گرمسار,گرمسار ابتدای خیابان کرند نرسیده به تالار پذیرایی پیوند دبیرستان وپیش دانشگاهی غیر انتفاعی نرجس,02324236950-02324240824-02324237254-02324228768,https://www.kanoon.ir/City/Agencies?state=21,2026-09-18T12:23:00+00:00
سیستان و بلوچستان,ايرانشهر,ايرانشهر,ایرانشهر خیابان شهید مالکی مقابل غیرانتفاعی بوعلی,09155473659-05437212158-05437222256-05437228267,https://www.kanoon.ir/City/Agencies?state=25,2026-09-18T12:23:00+00:00
سیستان و بلوچستان,چابهار,چابهار,خیابان امام خمینی - خیابان مولوی - نرسیده به اداره پست - دانشگاه پیام نور - دفتر کانون قلمچی کدپستی 9971648898,05435320047-09053412426-09159692426,https://www.kanoon.ir/City/Agencies?state=25,2026-09-18T12:23:00+00:00
سیستان و بلوچستان,خاش,خاش,خیابان شهید بهشتی- روبروی دبستان فاطمه الزهرا یا  متوسطه اول زینبیه,05433728082-09376530103,https://www.kanoon.ir/City/Agencies?state=25,2026-09-18T12:23:00+00:00
سیستان و بلوچستان,راسک,راسک,شهرستان سرباز بخش مرکزی راسک خیابان معلم جنب آموزش وپرورش,09159495549-09390022457-09159495549-09390022457,https://www.kanoon.ir/City/Agencies?state=25,2026-09-18T12:23:00+00:00
سیستان و بلوچستان,زابل,زابل,زابل خیابان فردوسی نبش فردوسی36 دبیرستان هدایت,05422235311-05422227903-05422235311-05422250798,https://www.kanoon.ir/City/Agencies?state=25,2026-09-18T12:23:00+00:00
سیستان و بلوچستان,زاهدان,زاهدان,زاهدان . خیابان دانشگاه -دانشگاه 31- اواسط میلان - نبش تقاطع اول سمت راست . جنب پایگاه سلامت هجرت . پلاک 21,09367676606-05433422044-05433446343-09388330365,https://www.kanoon.ir/City/Agencies?state=25,2026-09-18T12:23:00+00:00
سیستان و بلوچستان,سراوان1,سراوان1,خیابان عدالت12- داخل کوچه سمت چپ- رو به روی مرکز انتقال خون,37644696,https://www.kanoon.ir/City/Agencies?state=25,2026-09-18T12:23:00+00:00
سیستان و بلوچستان,سراوان2,سراوان2,سراوان-خیابان بهشتی-نبش بهشتی6-آموزشگاه رشد-کانون فرهنگی آموزش قلم چی -سراوان2,05437641402-05437641402-05437641402-09151991816,https://www.kanoon.ir/City/Agencies?state=25,2026-09-18T12:23:00+00:00
سیستان و بلوچستان,سيب و سوران,سيب و سوران,سیستان و بلوچستان - شهرستان سیب و سوران تقاطع باهنر و کارگر جنب دبیرستان نمونه پیامبر اعظم ص,05437694372-05437694372-05437694372-09153477033,https://www.kanoon.ir/City/Agencies?state=25,2026-09-18T12:23:00+00:00
سیستان و بلوچستان,فنوج,فنوج,فنوج- خیابان مصطفی خمینی- فلکه شهید مجیدی- جنب دادگاه حل اختلاف,05437182120,https://www.kanoon.ir/City/Agencies?state=25,2026-09-18T12:23:00+00:00
سیستان و بلوچستان,نيک شهر,نيک شهر,نیکشهربلوارآزادی خیابان امیرالمومنین پشت پمپ بنزین,09155476098-09159934760-05435232581-05435232581,https://www.kanoon.ir/City/Agencies?state=25,2026-09-18T12:23:00+00:00
فارس,آباده,آباده,خیابان مدرس   پلاک   23  کانون فرهنگی آموزش قلم چی,07513344401-07513344301-07513349401-07513346401,https://www.kanoon.ir/City/Agencies?state=4,2026-09-18T12:23:00+00:00
فارس,ارسنجان,ارسنجان,ارسنجان خیابان 15 خرداد چهارراه فرمانداری جنب فروشگاه لوازم ساختمانی ابراهیمی,07143524470-09370571861-09177197003,https://www.kanoon.ir/City/Agencies?state=4,2026-09-18T12:23:00+00:00
فارس,استهبان,استهبان,استهبان بلوار قائم روبروی آبشار سر نبش طبقه دوم کانون فرهنگی آموزش قلم چی,09362088685-07153229494-07153222313-09177180987,https://www.kanoon.ir/City/Agencies?state=4,2026-09-18T12:23:00+00:00
فارس,اقليد,اقليد,اقلید خیابان شهید طالقانی کویشهید افضل پلاک67کدپستی14843-73817     آموزشگاه علمی خوارزمی    نمایندگی کانون فرهنگی آموزش,07144523553-07144521345-07144531715-07144522263,https://www.kanoon.ir/City/Agencies?state=4,2026-09-18T12:23:00+00:00
فارس,اوز,اوز,اوز - فلکه محمدی - کوچه پشت فرمانداری - روبروی مسجد محمدی,٠٩١٧١٨٣٠١٩١ - ٠٩٣٩٨٥٦٣٩٨٨,https://www.kanoon.ir/City/Agencies?state=4,2026-09-18T12:23:00+00:00
فارس,جهرم,جهرم,جهرم - ابتدای بلوار معلم - جنب بانک انصار - طبقه دوم,09372065424-09372065424-07154234534-07154234496,https://www.kanoon.ir/City/Agencies?state=4,2026-09-18T12:23:00+00:00
فارس,خرامه,خرامه,فاز 3 - میدان سعادت - مجتمع آموزشی غیردولتی سعادت,071-32722959-32724269,https://www.kanoon.ir/City/Agencies?state=4,2026-09-18T12:23:00+00:00
فارس,خرم‌بيد,خرم‌بيد,خرم بید ناحیه1 خیابان چمران خیابان 7 تیر ناحیه2 خیابان بسیج جنب مسجد امام علی ع,07523554991-07523555929-09177515195-09173513708,https://www.kanoon.ir/City/Agencies?state=4,2026-09-18T12:23:00+00:00
فارس,خنج,خنج,استان فارس - خنج - خیابان پاسداران -کوچه فرهنگ - مجتمع فرهنگی آموزشی نجف شمسی - وابسته به موسسه خیریه دانش - طبقه همکف,07152626175-07152625944-07152625942-07152625941,https://www.kanoon.ir/City/Agencies?state=4,2026-09-18T12:23:00+00:00
فارس,داراب,داراب,بلوار ایت ا..  خامنه ای - بیمارستان امام حسن - بالاتر از هایپر شهر,09173320488,https://www.kanoon.ir/City/Agencies?state=4,2026-09-18T12:23:00+00:00
فارس,شيراز,شيراز,شیراز خیابان فلسطین نبش معدل ساختمان 110 طبقه 2,07132309961-07132359147-07132359137-07132359159,https://www.kanoon.ir/City/Agencies?state=4,2026-09-18T12:23:00+00:00
فارس,فراشبند,فراشبند,شهرستان فراشبند خیابان سپاه  رو به رو اداره پست,07138756463-07138757688-07138752167,https://www.kanoon.ir/City/Agencies?state=4,2026-09-18T12:23:00+00:00
فارس,فسا,فسا,فسا-فلکه دریمی-ابتدای خیابان امام خمینی-جنب بانک مهر ایران کانون فرهنگی آموزش قلم چی,07153315773-07153353447,https://www.kanoon.ir/City/Agencies?state=4,2026-09-18T12:23:00+00:00
فارس,فيروزآباد,فيروزآباد,فیروزآباد فارس فلکه امام خیابان امام خمینی شمالی کوچه 5 کانون فرهنگی آموزش  قلم چی,07138737044-07138728756-09173120126-07138728511,https://www.kanoon.ir/City/Agencies?state=4,2026-09-18T12:23:00+00:00
فارس,قائميه,قائميه,بلوار امام خمینی-جنب درمانگاه شبانه روزی ولی عصرعج-,07142416169-07142416275-07142419680,https://www.kanoon.ir/City/Agencies?state=4,2026-09-18T12:23:00+00:00
فارس,قير و كارزين,قير و كارزين,میدان شهداء - بلوار طالقانی - کوچه سلامت,09370922952-07154525106-07154523892,https://www.kanoon.ir/City/Agencies?state=4,2026-09-18T12:23:00+00:00
فارس,كازرون,كازرون,فارس-کازرون-خیابان حضرتی - کوچه 24 جنب دانشگاه علمی کاربردی,07142210825-07142211695-07172210820,https://www.kanoon.ir/City/Agencies?state=4,2026-09-18T12:23:00+00:00
فارس,گله دار,گله دار,گله دار میدان قرآن بلوار مشفق آموزشگاه دانش,07152853817-09171847505,https://www.kanoon.ir/City/Agencies?state=4,2026-09-18T12:23:00+00:00
فارس,لار,لار,لار شهرجدید میدان طاووس روبروی فروشگاه مگاهوم,07152250840 -09164949548,https://www.kanoon.ir/City/Agencies?state=4,2026-09-18T12:23:00+00:00
فارس,لامرد,لامرد,فارس - لامرد - بلوار معلم- مجاور پارک بنفشه ها,07152722270- 09900980321,https://www.kanoon.ir/City/Agencies?state=4,2026-09-18T12:23:00+00:00
فارس,مرودشت,مرودشت,مرودشت خیابان انقلاب کوچه تلفنخانه قدیم کانون فرهنگی آموزش,07143220250-07143223475-09173135435-09381703178,https://www.kanoon.ir/City/Agencies?state=4,2026-09-18T12:23:00+00:00
فارس,مهر,مهر,شهرستان مهر خیابان ایثار کانون فرهنگی آموزش قلم چی اقای محمود یوسفی,07152824195-9177814565,https://www.kanoon.ir/City/Agencies?state=4,2026-09-18T12:23:00+00:00
فارس,نورآباد ممسني,نورآباد ممسني,ممسنی - خ طالقانی -تل  - کوچه دوم  -سمت راست - درب دوم,07142523803-07142528837,https://www.kanoon.ir/City/Agencies?state=4,2026-09-18T12:23:00+00:00
فارس,ني‌ريز,ني‌ريز,نیریز -خیابان طالقانی- انتهای بلوار نصر- دبیرستان غیر انتفاعی خوارزمی,07153823954-09177328201-09171334019-07153834933,https://www.kanoon.ir/City/Agencies?state=4,2026-09-18T12:23:00+00:00
قزوین,آبيك,آبيك,خیابان اصلی ،کوچه کنار بانک رفاه ،جنب مبلمان والی فرد,09121453528-02832897232,https://www.kanoon.ir/City/Agencies?state=18,2026-09-18T12:23:00+00:00
قزوین,بوئين زهرا,بوئين زهرا,بویین زهرا - بلوار طالقانی - خیابان ولیعصر شرقی ساختمان پردازشگر,02834221089,https://www.kanoon.ir/City/Agencies?state=18,2026-09-18T12:23:00+00:00
قزوین,تاكستان,تاكستان,تاکستان - خیابان ولی عصر کوچه 20 پلاک 113,02825240037-02825223070-02825222070-02825240037,https://www.kanoon.ir/City/Agencies?state=18,2026-09-18T12:23:00+00:00
قزوین,شهرالوند,شهرالوند,قزوین شهرصنعتی البرز بلوار سهروردی روبروی مسجد رسول اکرم دفتر کانون قلم چی شهر الوند,02832225847-02832249086-02832237079-02832225847,https://www.kanoon.ir/City/Agencies?state=18,2026-09-18T12:23:00+00:00
قزوین,قزوين,قزوين,خیابان دانشگاه نبش کوچه 20 طبقه فوقانی نان فانتزی گل گندم,02833335546-02833330932-09121813136,https://www.kanoon.ir/City/Agencies?state=18,2026-09-18T12:23:00+00:00
قزوین,محمديه,محمديه پسران,بلوار مطهری یاس دوم (کوچه ورزش) پلاک 5,02832562043,https://www.kanoon.ir/City/Agencies?state=18,2026-09-18T12:23:00+00:00
قزوین,محمديه,محمديه دختران,بلوار مطهری یاس دوم (کوچه ورزش) پلاک 5,02832562043,https://www.kanoon.ir/City/Agencies?state=18,2026-09-18T12:23:00+00:00
قم,قم,قم پسران,"شعبه 1:قم بلوار الغدیر کوچه 11
شعبه 2: قم میدان مطهری چهارراه غفاری کوچه بانک ملت",02536636075-02536622437-02532858058-02532857077,https://www.kanoon.ir/City/Agencies?state=24,2026-09-18T12:23:00+00:00
قم,قم,قم دختران,"شعبه 1: ابتدای بلوار امین کنار پل رسالت
شعبه 2: میدان سعیدی خیابان فرهنگ",02532942040-02532942050,https://www.kanoon.ir/City/Agencies?state=24,2026-09-18T12:23:00+00:00
کردستان,بانه,بانه,بانه پشت اداره پست مرکزی کوچه مروارید 4,08734269000-09183746193-08734266000-08734268041,https://www.kanoon.ir/City/Agencies?state=14,2026-09-18T12:23:00+00:00
کردستان,بيجار,بيجار,کردستان- بیجار- خیابان آزادگان - طبقه فوقانی درمانگاه‌شفا- ساختمان موسسه پویش«قلم چی» کدپستی 6651643438,08738228871-08738222181-08738232526,https://www.kanoon.ir/City/Agencies?state=14,2026-09-18T12:23:00+00:00
کردستان,دهگلان,دهگلان,شهرستان دهگلان - خیابان جمهوری  - کوچه مخابرات  - طبقه دوم دانشگاه علمی کاربردی,08735122414-08735126590-09186861576-09914643728,https://www.kanoon.ir/City/Agencies?state=14,2026-09-18T12:23:00+00:00
کردستان,ديواندره,ديواندره,دیواندره  خیابان صلاح الدین ایوبی  میدان چهارباغ ابتدای کوچه مولوی آموزشگاه استاد هژار,08738720030-08738721333-08738720030-09183787934,https://www.kanoon.ir/City/Agencies?state=14,2026-09-18T12:23:00+00:00
کردستان,سرو آباد,سرو آباد,سرواباد میدان شهید مرادی ابتدای خیابان امام شافعی,08734822849-09189865140-08734822849-09183758374,https://www.kanoon.ir/City/Agencies?state=14,2026-09-18T12:23:00+00:00
کردستان,سقز,سقز,کردستان - سقز - خیابان فردوسی - کوچه جوانه ۲,087-36238088-36218088,https://www.kanoon.ir/City/Agencies?state=14,2026-09-18T12:23:00+00:00
کردستان,سنندج,سنندج,سنندج خیابان شهید تعریف روبروی تامین اجتماعی,08733234273-08733235129-08733288120-08733244362,https://www.kanoon.ir/City/Agencies?state=14,2026-09-18T12:23:00+00:00
کردستان,قروه,قروه,قروه خیابان سید جمال الدین اسد آبادی جنب فروشگاه 110,08735228211-08735224733-08735253111-08735253112,https://www.kanoon.ir/City/Agencies?state=14,2026-09-18T12:23:00+00:00
کردستان,كامياران,كامياران,کامیاران میدان امام شافعی ، کوچه حشمت ، طبقه فوقانی خشکشویی محمدی,09184140023-08735533287-08735523254-08735523875,https://www.kanoon.ir/City/Agencies?state=14,2026-09-18T12:23:00+00:00
کردستان,مريوان,مريوان,"مریوان دختر  -میدان سرباز- ابتدای کمربندی-بالاتر از نانوایی  08734528513
مریوان پسران-  میدان ناری به سمت پارک شانو ، روبروی پزشکی قانونی
موبایل :09188743172 انور صمدی",08734528513-08734602610,https://www.kanoon.ir/City/Agencies?state=14,2026-09-18T12:23:00+00:00
کرمان,ارزوئيه,ارزوئيه,خیابان امام خمینی شماره 3 کانون فرهنگی آموزش قلم چی,09136677540-09370106093-09136677540-09370106093,https://www.kanoon.ir/City/Agencies?state=10,2026-09-18T12:23:00+00:00
کرمان,انار,انار,انار خیابان امام - کانون فرهنگی آموزش قلم چی,03923221464-09133915423-03923220559,https://www.kanoon.ir/City/Agencies?state=10,2026-09-18T12:23:00+00:00
کرمان,بافت,بافت,کرمان - بافت - بلوار امام - نبش میدان معلم- آموزش و پرورش قدیم ، خانه معلم,03442428365-09135808895-09130494521-09132475023,https://www.kanoon.ir/City/Agencies?state=10,2026-09-18T12:23:00+00:00
کرمان,بردسير,بردسير,بردسیر- خیابان امام خمینی کوچه ی گلستان 15,09133409484-03433524457-03433529484-03433524453,https://www.kanoon.ir/City/Agencies?state=10,2026-09-18T12:23:00+00:00
کرمان,بم,بم,بم چهارراه سجادی نرسیده به ارگ قدیم نمایندگی کانون فرهنگی آموزش در بم,03444313043-09372176718-09131442665-09131440740,https://www.kanoon.ir/City/Agencies?state=10,2026-09-18T12:23:00+00:00
کرمان,جيرفت,جيرفت,جیرفت خیابان آزادی بعد از میدان معلم بین کوچه 15و 13,03443266000-03443264375-03443265255-03443264306,https://www.kanoon.ir/City/Agencies?state=10,2026-09-18T12:23:00+00:00
کرمان,رابر,رابر,رابر میدان معلم کانون فرهنگی آموزش قلم چی,03474522068-03474521013-09103279818-09138487585,https://www.kanoon.ir/City/Agencies?state=10,2026-09-18T12:23:00+00:00
کرمان,راور,راور,چهارراه حسینیه طبقه فوقانی صوتی تصویری جام جم نمایندگی کانون فرهنگی آموزش,09104798982-09361598868-09131988005-09132989611,https://www.kanoon.ir/City/Agencies?state=10,2026-09-18T12:23:00+00:00
کرمان,رفسنجان,رفسنجان,رفسنجان خیابان امام خمینی کوچه36 دفترکانون فرهنگی آموزش قلم چی نمایندگی رفسنجان,03434262520-03434259916-03434259917-03434267663,https://www.kanoon.ir/City/Agencies?state=10,2026-09-18T12:23:00+00:00
کرمان,زرند,زرند,زرند ـ خ فلسطین ـ کوی فلسطین 5 ـ بن بست سعدی ـ کانون فرهنگی آموزش,09301419119-03433431822-03433431823-09131419119,https://www.kanoon.ir/City/Agencies?state=10,2026-09-18T12:23:00+00:00
کرمان,سيرجان,سيرجان,سیرجان- بلوار دکتر صادقی بعد از چهار راه دانشگاه آزاد سابق بریدگی اول سمت راست,03442242966-03442242955-03442242268,https://www.kanoon.ir/City/Agencies?state=10,2026-09-18T12:23:00+00:00
کرمان,شهربابك,شهربابك پسران,شهربابک - خیابان ولیعصر - روبروی چاپخانه بابکان نمایندگی کانون قلم چی,03434120733-03434129391-03434120733-03434129391,https://www.kanoon.ir/City/Agencies?state=10,2026-09-18T12:23:00+00:00
کرمان,شهربابك,شهربابك دختران,شهربابک- خیابان ولیعصر- روبرو بانک رفاه-کانون فرهنگی اموزش,03924232090-09132919475-09133915048-03924245637,https://www.kanoon.ir/City/Agencies?state=10,2026-09-18T12:23:00+00:00
کرمان,عنبرآباد,عنبرآباد,عنبراباد بلوار امام کانون فرهنگی آموزش قلم چی,03443290284-09134484910-09131487818-03443294181,https://www.kanoon.ir/City/Agencies?state=10,2026-09-18T12:23:00+00:00
کرمان,قلعه گنج,قلعه گنج,بلوارشاهد روبروی دبیرستان حکمتیه جنب دفتر خانه رئیسی,03443390871,https://www.kanoon.ir/City/Agencies?state=10,2026-09-18T12:23:00+00:00
کرمان,كرمان,كرمان,کرمان - میدان آزادی - ابتدای خیابان شهید بهشتی - کوچه ی 2 - پلاک 44,03432475538-03432465303-03432476813-03432471195,https://www.kanoon.ir/City/Agencies?state=10,2026-09-18T12:23:00+00:00
کرمان,كهنوج,كهنوج,کهنوج-بعد از میدان ستاد ابتدای خیابان یاسر,03495227100-03495227700-09131480259,https://www.kanoon.ir/City/Agencies?state=10,2026-09-18T12:23:00+00:00
کرمان,مس سرچشمه,مس سرچشمه,رفسنجان شهرک مس سرچشمه خیابان نرگس کوچه نرگس 2,03434310576-03434312467,https://www.kanoon.ir/City/Agencies?state=10,2026-09-18T12:23:00+00:00
کرمان,نرماشير,نرماشير,نرماشیر بلوار امام طبقه فوقانی پاساژ المهدی,03444270036,https://www.kanoon.ir/City/Agencies?state=10,2026-09-18T12:23:00+00:00
کرمانشاه,اسلام آباد غرب,اسلام آباد غرب,اسلام آباد غرب - میدان امام - ابتدای خ راه کربلا - کوی شهید حمیدیه - پلاک 27,08345222328-08345241019-08345239308-08345242756,https://www.kanoon.ir/City/Agencies?state=12,2026-09-18T12:23:00+00:00
کرمانشاه,پاوه و جوانرود و روانسر,پاوه و جوانرود و روانسر,پاوه -خیابان امام شافعی - نرسیده به مسجد جامع,08346121516-08346122908-08346125711,https://www.kanoon.ir/City/Agencies?state=12,2026-09-18T12:23:00+00:00
کرمانشاه,دالاهو,دالاهو,کرند غرب میدان سپاه خیابان ولیعصر کوچه اداره پست انتهای کوچه,08353722331-08343722331,https://www.kanoon.ir/City/Agencies?state=12,2026-09-18T12:23:00+00:00
کرمانشاه,سرپل ذهاب,سرپل ذهاب,سرپل ذهاب- چهار راه احمدبن اسحاق- نبش کوچه سید نجف,08342227164-08342221589-09137926716-09383069786,https://www.kanoon.ir/City/Agencies?state=12,2026-09-18T12:23:00+00:00
کرمانشاه,سنقر,سنقر,سنقر- میدان معلم -خیابان شهید بهشتی - ابتدای کوی شهید احمدی -جنب موسسه مالی ملل -کانون فرهنگی آموزش,08348435453-09353585890-09038039649-09185712480,https://www.kanoon.ir/City/Agencies?state=12,2026-09-18T12:23:00+00:00
کرمانشاه,صحنه,صحنه,صحنه-ابتدای شهرک امام خمینی - پلاک 18 - آموزشگاه علمی تفکر,09188567657-09188567657-09188319065-09183310154,https://www.kanoon.ir/City/Agencies?state=12,2026-09-18T12:23:00+00:00
کرمانشاه,قصر شيرين,قصر شيرين,قصرشیرین خیابان مدرس ابتدای کوی آقایی آموزشگاه پسرانه بزرگمهر و دخترانه نرگس,08342421286-08342424876,https://www.kanoon.ir/City/Agencies?state=12,2026-09-18T12:23:00+00:00
کرمانشاه,كرمانشاه,كرمانشاه,کرمانشاه - بلوار شهید بهشتی - نرسیده به سه راه 22 بهمن کتابفروشی قلم چی,08338226404-08338382510-08338382511,https://www.kanoon.ir/City/Agencies?state=12,2026-09-18T12:23:00+00:00
کرمانشاه,كنگاور,كنگاور,کنگاور - خیابان شریعتی- خیابان شهید فرجی - پشت پارک شاهد-پلاک 17,08348237451-09105770407-09183389001-08348231631,https://www.kanoon.ir/City/Agencies?state=12,2026-09-18T12:23:00+00:00
کرمانشاه,گيلانغرب,گيلانغرب,گیلان غرب -خیابان شهید بهشتی -طبقه دوم داروخانه دکتر فلاحی,08343225397,https://www.kanoon.ir/City/Agencies?state=12,2026-09-18T12:23:00+00:00
کرمانشاه,هرسين,هرسين,هرسین - چهارراه انقلاب - پایین تر از مسجد آیت اله حجتی طبقه فوقانی موسسه قرض الحسنه جواد الائمه,08345128030-08345131120,https://www.kanoon.ir/City/Agencies?state=12,2026-09-18T12:23:00+00:00
کهگیلویه و بویراحمد,باشت,باشت,شهرستان باشت خیابان اصلی چهارراه کتاب جنب دفتر امام جمعه,07442623777-09179427239-09173422935-07442623737,https://www.kanoon.ir/City/Agencies?state=19,2026-09-18T12:23:00+00:00
کهگیلویه و بویراحمد,بهمئي,بهمئي,شهرستان بهمئی لیکک ابتدای خیابان دین و دانش بالاتر از کمیته امداد امام خمینی ره,07432822347-07432824891-07432824892,https://www.kanoon.ir/City/Agencies?state=19,2026-09-18T12:23:00+00:00
کهگیلویه و بویراحمد,چرام,چرام,استان ک ب   شهرستان چرام   خ شهیداکابری دفتر نمایندگی کانون فرهنگی آموزش قلم چی  چرام,07443621650-09176033163-09391400815-09368223219,https://www.kanoon.ir/City/Agencies?state=19,2026-09-18T12:23:00+00:00
کهگیلویه و بویراحمد,دهدشت,دهدشت,خیابان شریعتی -چهارراه آغاشیروان-جنب بانک رفاه,07432263549-07432260760-07443252288-07432260182,https://www.kanoon.ir/City/Agencies?state=19,2026-09-18T12:23:00+00:00
کهگیلویه و بویراحمد,سوق,سوق,کهگیلویه و بویراحمد سوق خیابان شهدا جنب مدرسه عصمت,07432283080,https://www.kanoon.ir/City/Agencies?state=19,2026-09-18T12:23:00+00:00
کهگیلویه و بویراحمد,گچساران,گچساران,بلوار ولی عصر نرسیده به سه راهی روبروی شورای شهر جنب حسینیه شهید گشتاسبی,07432323728-09171407471-07432321177-09173420572,https://www.kanoon.ir/City/Agencies?state=19,2026-09-18T12:23:00+00:00
کهگیلویه و بویراحمد,لنده,لنده,کهکیلویه -    لنده          خیابان سادات  پلاک 387,09173444822-07432463939,https://www.kanoon.ir/City/Agencies?state=19,2026-09-18T12:23:00+00:00
کهگیلویه و بویراحمد,ياسوج,ياسوج,یاسوج - بلوار امام خمینی ره  - خیابان گلستان 12  - مجتمع آموزشی فکور,07412242132-09171461035-07412242130-07412242131,https://www.kanoon.ir/City/Agencies?state=19,2026-09-18T12:23:00+00:00
گلستان,آزادشهر,آزادشهر,استان گلستان - آزادشهر - خ شهید بهشتی - کوچه‌ی یهشت 12  - پلاک 222,09113704592-01746739478-01746724665-01746734369,https://www.kanoon.ir/City/Agencies?state=13,2026-09-18T12:23:00+00:00
گلستان,بندرتركمن,بندرتركمن,آدرس جدید ------بندر ترکمن میدان مختومقلی فراغی ابتدای بلوار شهید بهشتی ساختمان اداری کارخانه شهید باهنر طبقه اول,01734423031-01734433269-01734422118-01734431080,https://www.kanoon.ir/City/Agencies?state=13,2026-09-18T12:23:00+00:00
گلستان,بندرگز,بندرگز,بندرگز- خیابان امام - کوچه قرض الحسنه ولی عصر,01733725241-09364110824-01734362593-01734365593,https://www.kanoon.ir/City/Agencies?state=13,2026-09-18T12:23:00+00:00
گلستان,خان ببين,خان ببين,خا به بین -فلکه مرکزی- ساختمان دکتر امیرلطیفی- طبقه سوم واحد دوم,01735862040-01735862302-01735862302-01735862040,https://www.kanoon.ir/City/Agencies?state=13,2026-09-18T12:23:00+00:00
گلستان,دلند,دلند,دلند - بلوار امام رضا - کوچه ی کتابخانه ی مرکزی شهر,01735894077-01735894849-09118805547-09117964706,https://www.kanoon.ir/City/Agencies?state=13,2026-09-18T12:23:00+00:00
گلستان,راميان,راميان,استان گلستان - شهرستان رامیان - انتهای کوچه مسجد جامع - تلفن 01735882601,01735882601-01735880261-01735882601-01735880261,https://www.kanoon.ir/City/Agencies?state=13,2026-09-18T12:23:00+00:00
گلستان,علي آباد كتول,علي آباد كتول,گلستان - علی آبادکتول - خیابان هنرستان - جنب فروشگاه اتکا,01736226510-01736237231-01736237232-01736222445,https://www.kanoon.ir/City/Agencies?state=13,2026-09-18T12:23:00+00:00
گلستان,كردكوي,كردكوي,کردکوی خیابان ولی عصر -نبش عدالت 15-نمایندگی کانون فرهنگی آموزش قلم چی,01734344461-09906547795-01734344461-09906547795,https://www.kanoon.ir/City/Agencies?state=13,2026-09-18T12:23:00+00:00
گلستان,كلاله,كلاله پسران,کلاله-خیابان شهید بهشتی - شهید بهشتی 9 - ابتدای کوچه,01735420789-09358781317-01735449685-09363756759,https://www.kanoon.ir/City/Agencies?state=13,2026-09-18T12:23:00+00:00
گلستان,گرگان,گرگان پسران,میدان ولیعصر - ابتدای خیابان ولیعصر پاساژمرسل - طبقه اول,01732351238-01732351237,https://www.kanoon.ir/City/Agencies?state=13,2026-09-18T12:23:00+00:00
گلستان,گرگان,گرگان دختران,گرگان - میدان ولیعصر - ابتدای خیابان ولی عصر - طبقه فوقانی پیتزا پارمیدا,09111771907-01732244774-01732236266-01732226272,https://www.kanoon.ir/City/Agencies?state=13,2026-09-18T12:23:00+00:00
گلستان,گنبد,گنبد,دفتر مرکزی -گنبد - خ امام خمینی جنوبی جنب بیمه آسیاخیابان ملاصدرا,01733333261-01733346700-01733346800-09036900403,https://www.kanoon.ir/City/Agencies?state=13,2026-09-18T12:23:00+00:00
گلستان,مراوه تپه,مراوه تپه,مراوه تپه خیابان شهید قویدل جنب کتابفروشی بارسا و سوپرمارکت امین,01735453166-01735453565-01735459082,https://www.kanoon.ir/City/Agencies?state=13,2026-09-18T12:23:00+00:00
گلستان,مينودشت,مينودشت,گلستان ـ مینودشت خ پاسداران-خ شهید آوینی کانون فرهنگی آموزش -قلم چی,01735229577-09381914966-01735231737-01735837115,https://www.kanoon.ir/City/Agencies?state=13,2026-09-18T12:23:00+00:00
گلستان,کلاله,کلاله دختران,میدان امام خمینی شمالی -نبش امام خمینی شمالی طبقه فوقانی دفتر وکالت عباسعلی اکبریان دفترکانون آموزش قلم چی,01735421989-01735446419,https://www.kanoon.ir/City/Agencies?state=13,2026-09-18T12:23:00+00:00
گیلان,آستارا,آستارا,آستارا خیابان امام خمینی روبه روی کوچه ی عطایی نمایندگی کانون فرهنگی آموزش,01344816462-01344812727-01344814491-01344824865,https://www.kanoon.ir/City/Agencies?state=9,2026-09-18T12:23:00+00:00
گیلان,آستانه اشرفيه,آستانه اشرفيه,آستانه اشرفیه -  خیابان شهید بهشتی - جنب بانک سینا-روبروی داروخانه پورآقایی,01342125559,https://www.kanoon.ir/City/Agencies?state=9,2026-09-18T12:23:00+00:00
گیلان,املش,املش,املش - پایین املش - روبروی مسجد گلزار شهدا,01342729314-01342729512-01342728449,https://www.kanoon.ir/City/Agencies?state=9,2026-09-18T12:23:00+00:00
گیلان,بندرانزلي,بندرانزلي,بندرانزلی  خیابان مطهری (گلستان) رو به روی اداره آموزش و پرورش کوچه بلوری مجتمع سنا طبقه اول,01344545484-01344555599,https://www.kanoon.ir/City/Agencies?state=9,2026-09-18T12:23:00+00:00
گیلان,تالش1,تالش1,تالش خیابان امام خمینی روبروی پمپ بنزین رضوانی کوچه شهید آزموده   مدیر نمایندگی قاسم محبـوبـی,01343239519-01343244262-01343244261,https://www.kanoon.ir/City/Agencies?state=9,2026-09-18T12:23:00+00:00
گیلان,تالش2,تالش2,تالش خیابان طالقانی سه راه تختی آموزشگاه شایستگان,01344225972,https://www.kanoon.ir/City/Agencies?state=9,2026-09-18T12:23:00+00:00
گیلان,تالش3,تالش3,تالش- خیابان دکتر معین- خیابان شهید مطهری,01344230634-01344230634-01344230635-01344230635,https://www.kanoon.ir/City/Agencies?state=9,2026-09-18T12:23:00+00:00
گیلان,چابكسر,چابكسر,گیلان-چابکسر-اول جاده میانده - طبقه بالای مطبوعاتی آقای حاضری,01342664710-01342664710-01342664710-09112417129,https://www.kanoon.ir/City/Agencies?state=9,2026-09-18T12:23:00+00:00
گیلان,حويق,حويق,گیلان تالش حویق خ فرهنگ نرسیده به دبیرستان هشترودی,09372351766-09111852664-09111852664-01344214515,https://www.kanoon.ir/City/Agencies?state=9,2026-09-18T12:23:00+00:00
گیلان,رحيم آباد,رحيم آباد,گیلان -رودسر - رحیم آباد -خیابان مطهری - روبروی حسینیه ارشاد بن بست فرهنگ نمایندگی کانون قلم چی - رحیم آباد,01342776050-01342776005-01342776005-01342776050,https://www.kanoon.ir/City/Agencies?state=9,2026-09-18T12:23:00+00:00
گیلان,رشت,رشت دختران,گلسار-خیابان 116 -آموزشگاه اندیشه های شریف - کانون قلم چی,01333726318-01333765352-01333726318-01333765352,https://www.kanoon.ir/City/Agencies?state=9,2026-09-18T12:23:00+00:00
گیلان,رشت‌,رشت‌ پسران,"آدرس دفتر نمایندگی : چهار راه میکائیل ، خیابان حافظ ، ساختمان ۳۴ ، طبقه اول 
تلفن : ۳۲۳۳۴۰۰۰ _ ۳۲۳۲۱۴۶۱
آدرس آموزشگاه : معلم ، به سمت میدان سرگل ، کوچه عطائی ، ساختمان ۲۱  
تلفن : ۳۲۵۲۵۱۰۲",۳۲۳۳۴۰۰۰ _ ۳۲۳۲۱۴۶۱-۳۲۵۲۵۱۰۲,https://www.kanoon.ir/City/Agencies?state=9,2026-09-18T12:23:00+00:00
گیلان,رضوانشهر,رضوانشهر,رضوانشهر-خیابان امام خمینی - روبروی کلانتری,01344627955-01344627528-01344623763-01344627955,https://www.kanoon.ir/City/Agencies?state=9,2026-09-18T12:23:00+00:00
گیلان,رودبار و منجيل,رودبار و منجيل,رودبار خلیل آباد جنب کتابخانه عمومی اداره ارشاد ساختمان تعاون طبقه سوم,01334620920-01334621252-01334620920-01334621252,https://www.kanoon.ir/City/Agencies?state=9,2026-09-18T12:23:00+00:00
گیلان,رودسر,رودسر,گیلان-رودسر-خیابان انقلاب-روبروی دبیرستان توحید- جنب فرش فروشی آقای  دانشور- دفتر کانون قلم چی شهرستان رودسر,01342612150-09111453012-01342628766-09111448453,https://www.kanoon.ir/City/Agencies?state=9,2026-09-18T12:23:00+00:00
گیلان,سنگر,سنگر,سنگر خیابان امام خمینی بلوار امام حسین جنب اداره آبیاری,01334524725-01334524725-01334524725-01334524725,https://www.kanoon.ir/City/Agencies?state=9,2026-09-18T12:23:00+00:00
گیلان,سياهكل,سياهكل,سیاهکل-میدان کفش ملی- کانون فرهنگی آموزش,01342321233,https://www.kanoon.ir/City/Agencies?state=9,2026-09-18T12:23:00+00:00
گیلان,صومعه سرا,صومعه سرا,صومعه سرا - خ طالقانی -کوچه قریشی -پلاک 36- آموزشگاه علمی دانشمهر - نمایندگی قلم چی,01343325152-01343317070-01343317060,https://www.kanoon.ir/City/Agencies?state=9,2026-09-18T12:23:00+00:00
گیلان,فومن,فومن,فومن خیابان امام خمینی روبروی خیابان شورا ارتباطی شهید منتظری,01334734466-01334734465-01334734465-01334734466,https://www.kanoon.ir/City/Agencies?state=9,2026-09-18T12:23:00+00:00
گیلان,كلاچاي,كلاچاي,کلاچای ،خیابان امام،کوچه مسجد جامع،دفتر نمایندگی قلم چی,01342687970,https://www.kanoon.ir/City/Agencies?state=9,2026-09-18T12:23:00+00:00
گیلان,لاهيجان,لاهيجان,لاهیجان خیابان انقلاب جنب کتابفروشی نباتی ساختمان پلازا طبقه3,01342233916-01342231407-01342233916-01342233917,https://www.kanoon.ir/City/Agencies?state=9,2026-09-18T12:23:00+00:00
گیلان,لشت نشا,لشت نشا,لشت نشا کوچصفهان خیابان شهید عسکری پاساژ خاتون طبقه 2,01332009155-09112480886-09112329551,https://www.kanoon.ir/City/Agencies?state=9,2026-09-18T12:23:00+00:00
گیلان,لنگرود,لنگرود,پسران - لنگرود خیابان شریعتی روبروی مسجد جامع کوچه خواجه نصیر  مجتمع نیکدوست واحد 8  دختران- لنگرود خیابان شریعتی کوچه خورشید دبستان فرزانه,01342524015-01342535089-01342538711-01342538712,https://www.kanoon.ir/City/Agencies?state=9,2026-09-18T12:23:00+00:00
گیلان,ماسال,ماسال,ماسال  خیاابان ولیعصرپاساژ برادران عبادی طبقه دوم کانون فرهنگی آموزش,01344664011-01344664011-09113334299-01344664011,https://www.kanoon.ir/City/Agencies?state=9,2026-09-18T12:23:00+00:00
لرستان,ازنا,ازنا,خیابان صاحب الزمان عج انتهای  کوچه اول پلاک 155,06643439260-06643439270-06643438649-06643438649,https://www.kanoon.ir/City/Agencies?state=11,2026-09-18T12:23:00+00:00
لرستان,الشتر,الشتر,الشتر خ کاشانی جنب بانک مسکن کوچه یاس 3 کانون فرهنگی آموزش قلم چی شهرستان الشتر,06632520864-06632528008-09169597040,https://www.kanoon.ir/City/Agencies?state=11,2026-09-18T12:23:00+00:00
لرستان,اليگودرز,اليگودرز,الیگودرز خیابان ولیعصر شمالی بالاتر از کلینیک شهید موسوی کوچه اطلس 1,06642222872-06642223716-06642241516-06642243784,https://www.kanoon.ir/City/Agencies?state=11,2026-09-18T12:23:00+00:00
لرستان,بروجرد,بروجرد,بروجرد ابتدای خیابان تختی، روبروی آزمایشگاه دکتر حسنی,۰۶۶۴۲۵۱۵۷۵۸-۰۶۶۴۲۵۱۶۸۷۰-۰۶۶۴۲۵۱۶۸۷۳,https://www.kanoon.ir/City/Agencies?state=11,2026-09-18T12:23:00+00:00
لرستان,بيران شهر,بيران شهر,بیرانشهر، شهرک شهید بهشتی، پایین تر از اداره آموزش پرورش، جنب آژانس زاگرس,09106043135-09165475617-06633135470,https://www.kanoon.ir/City/Agencies?state=11,2026-09-18T12:23:00+00:00
لرستان,پلدختر,پلدختر,"پلدختر خیابان  7تیرخیابان سلمان فارسی جنوبی پلاک 2,نمایندگی قلم چی پلدختر  اردشیر عبدی پور",32223821-32226112-09163634474,https://www.kanoon.ir/City/Agencies?state=11,2026-09-18T12:23:00+00:00
لرستان,خرم آباد1,خرم آباد1,خرم آباد خیابان امام پایین تر از میدان ژاندارمری جنب بانک پارسیان کوچه نواب,06633350602-06633352900-09038767055,https://www.kanoon.ir/City/Agencies?state=11,2026-09-18T12:23:00+00:00
لرستان,خرم آباد2,خرم آباد2,خیابان امام خمینی بالاتر از چهارراه فرهنگ نرسیده به میدان ژاندارمری کوچه نیایش واحد پسران قلم چی,06633350602-06633352900-06633352902,https://www.kanoon.ir/City/Agencies?state=11,2026-09-18T12:23:00+00:00
لرستان,دوره,دوره,لرستان شهرستان دوره چگنی خیابان بسیج روبروی دبیرستان حضرت معصومه,09169672926-09163694127-06633150967,https://www.kanoon.ir/City/Agencies?state=11,2026-09-18T12:23:00+00:00
لرستان,دورود,دورود,دورود خیابان شریعتی کوچه فردوس 10 آموزشگاه علمی امام رضا ع,09363764195-06643224413-06643213017-06643223050,https://www.kanoon.ir/City/Agencies?state=11,2026-09-18T12:23:00+00:00
لرستان,رومشكان,رومشكان,لرستان ، رومشکان ، شهر چغابل ،  خیابان امام، جنب بانک ملی ، آموزشگاه کانون فرهنگی آموزش قلم چی ، کد پستی 16197-68451  ، روح اله امرایی,06636523166-06632654824-09166676259-09168554490,https://www.kanoon.ir/City/Agencies?state=11,2026-09-18T12:23:00+00:00
لرستان,فیروزآباد لرستان,فیروزآباد لرستان,خیابان مولوی جنب نانوایی تقی نژاد کانون فرهنگی آموزش قلم چی,06632529488-09362132318-09902949514,https://www.kanoon.ir/City/Agencies?state=11,2026-09-18T12:23:00+00:00
لرستان,كوهدشت 1,كوهدشت 1,کوهدشت خیابان رهبری روبروی مخابرات کوچه شهید درویشی,06632620041-06632640226-06632622284,https://www.kanoon.ir/City/Agencies?state=11,2026-09-18T12:23:00+00:00
لرستان,كوهناني,كوهناني,لرستان- کوهدشت- کوهنانی- حیدر خانی- ابتدای بلوارامام خمینی کانون فرهنگی اموزش قلم چی,06636752977-09166600558-06636752977-06636752977,https://www.kanoon.ir/City/Agencies?state=11,2026-09-18T12:23:00+00:00
لرستان,گراب,گراب,خیابان رهبری خیابان شهید رجایی -روبروی عکاسی طرهان,06632683890-09383295501-06632683890-09166602503,https://www.kanoon.ir/City/Agencies?state=11,2026-09-18T12:23:00+00:00
لرستان,نورآباد,نورآباد,بلوار شهید بهشتی خیابان سابق چاپخانه حمید روبروی دبستان انقلاب,09123799887-06632730490-06632730489-06632740200,https://www.kanoon.ir/City/Agencies?state=11,2026-09-18T12:23:00+00:00
لرستان,کوهدشت 2,کوهدشت 2,خیابان امام ابتدای خیابان فردوسی درب سوم سمت چپ,06632620042-09163637023-06632632344,https://www.kanoon.ir/City/Agencies?state=11,2026-09-18T12:23:00+00:00
مازندران,آمل,آمل,آمل - خیابان هراز - آفتاب 6 - ساختمان منصور - طبقه اول,01144269123-01144271232-01144268125,https://www.kanoon.ir/City/Agencies?state=3,2026-09-18T12:23:00+00:00
مازندران,امير کلا,امير کلا,مازندران امیرکلا ابتدای نبش شهرک فاطری - ساختمان بانک پارسیان - طبقه سوم کانون فرهنگی آموزش,09360409121,https://www.kanoon.ir/City/Agencies?state=3,2026-09-18T12:23:00+00:00
مازندران,بابل,بابل,میدان 17 شهریور کتابفروشی کمالی کانون فرهنگی آموزش قلم چی,01132200030-01132224085-01132200031-01132226119,https://www.kanoon.ir/City/Agencies?state=3,2026-09-18T12:23:00+00:00
مازندران,بابلسر,بابلسر,مازندران - بابلسر - خ امام ره - جنب پاساژ صادق,01135334000-01135252554-01135332610-01135334275,https://www.kanoon.ir/City/Agencies?state=3,2026-09-18T12:23:00+00:00
مازندران,بندپي شرقي,بندپي شرقي,بندپی شرقی گلوگاه پاشاامیر کانون فرهنگی آموزش,09119044059-09115940307-01132722520,https://www.kanoon.ir/City/Agencies?state=3,2026-09-18T12:23:00+00:00
مازندران,بندپي غربي,بندپي غربي,بابل بندپی غربی شهرخشرودپی سه راه بالا خشرودپی کانون قلم چی بندپی غربی,01132521666-09119036798-01132521666-01132026156,https://www.kanoon.ir/City/Agencies?state=3,2026-09-18T12:23:00+00:00
مازندران,بهشهر,بهشهر,بهشهر- خیابان امام - جنب استادیوم تختی - مرکز پیش دانشگاهی و دبیرستان خوارزمی,01134538240-01134544942-01134524952-01134524953,https://www.kanoon.ir/City/Agencies?state=3,2026-09-18T12:23:00+00:00
مازندران,بهنمير,بهنمير,بهنمیر- میدان شهدا- پشت مصلی- کانون ریاضی,01135757010-01135757020-01135757010-01135757020,https://www.kanoon.ir/City/Agencies?state=3,2026-09-18T12:23:00+00:00
مازندران,تنكابن,تنكابن,تنکابن-خیابان خیام- جنب عکاسی جلال-پ 130,01154239196-01154239196-01154220699-01154239660,https://www.kanoon.ir/City/Agencies?state=3,2026-09-18T12:23:00+00:00
مازندران,جويبار,جويبار,جویبار- خیابان امام- جنب کفش ملی- کانون فرهنگی آموزش قلم چی,01142532088-01142541088,https://www.kanoon.ir/City/Agencies?state=3,2026-09-18T12:23:00+00:00
مازندران,چالوس و نوشهر,چالوس و نوشهر,چالوس - خیابان 17 شهریور - مقابل سینما جهان نما - ساختمان احمد زاده - طبقه اول,01152223213-01152242973-01152242972-01152242771,https://www.kanoon.ir/City/Agencies?state=3,2026-09-18T12:23:00+00:00
مازندران,چمستان,چمستان,مازندران - چمستان خیابان امام خمینی  روبروی کلانتری شماره ی 13,01144663500-01144662411-09111271084-09111201055,https://www.kanoon.ir/City/Agencies?state=3,2026-09-18T12:23:00+00:00
مازندران,رامسر,رامسر,مازندران رامسر  میدان انقلاب جنب اداره پست مجتمع فرهنگی آموزشی برزگر,01155221220,https://www.kanoon.ir/City/Agencies?state=3,2026-09-18T12:23:00+00:00
مازندران,ساري,ساري,خیابان شهابی نبش خیابان المهدی ساختمان سمن طبقه 1 واحد 1و2,01133119890-01133119891-01133119893-01133119043,https://www.kanoon.ir/City/Agencies?state=3,2026-09-18T12:23:00+00:00
مازندران,سوادكوه,سوادكوه,شهرستان سوادکوه - شهر پل سفید - روبروی اداره پست,01142420670,https://www.kanoon.ir/City/Agencies?state=3,2026-09-18T12:23:00+00:00
مازندران,سيمرغ,سيمرغ,سیمرغ خیابان امام روبروی مدرسه انسیه ساختمان دوستی طبقه 2,01142350620,https://www.kanoon.ir/City/Agencies?state=3,2026-09-18T12:23:00+00:00
مازندران,شيرگاه,شيرگاه,شیرگاه خیابان حاجی آباد پاساژ قایم طبقه اول,01142446756-09114350762,https://www.kanoon.ir/City/Agencies?state=3,2026-09-18T12:23:00+00:00
مازندران,عباس‌آباد و سلمان‌شهر,عباس‌آباد و سلمان‌شهر,استان مازندران-شهرستان عباس آباد-جنب مدرسه دخترانه عفاف-جاده گل کوه-دبیرستان زنده یاداصغرعباسی,01154262959-01154627556-01154627555-01154625550,https://www.kanoon.ir/City/Agencies?state=3,2026-09-18T12:23:00+00:00
مازندران,فريدون كنار,فريدون كنار,فریدونکنار - خیابان شهدا -کوچه شهدا 4-جنب دبیرستان امام علی ع -کد پستی4751934371,01135663110-01135663410-09111188418,https://www.kanoon.ir/City/Agencies?state=3,2026-09-18T12:23:00+00:00
مازندران,قائم شهر,قائم شهر,قائم شهر خیابان جویبار روبروی مسجد اعظم - کانون فرهنگی آموزش قلم چی,01142081211-09197283315-01142037024,https://www.kanoon.ir/City/Agencies?state=3,2026-09-18T12:23:00+00:00
مازندران,كلاردشت,كلاردشت,کلاردشت حسن کیف خیابان مدرس طبقه فوقانی مخابرات فقیه کدپستی 4666118111 نمایندگی قلم چی,01152626961-01152620973,https://www.kanoon.ir/City/Agencies?state=3,2026-09-18T12:23:00+00:00
مازندران,گلوگاه,گلوگاه پسران,گلو گاه - خیابان امام پشت بانک ملی غیر انتفا عی راه دانش,01526223180-01526228898-01526223767-09111548398,https://www.kanoon.ir/City/Agencies?state=3,2026-09-18T12:23:00+00:00
مازندران,گلوگاه,گلوگاه دختران,گلوگاه - میدان 22 بهمن - خیابان 17 شهریور - جنب بستنی فروشی عرفانی,01134666969-01134667778-01134669291-01134667778,https://www.kanoon.ir/City/Agencies?state=3,2026-09-18T12:23:00+00:00
مازندران,محمودآباد,محمودآباد,محمود آباد خیابان آزادی  - مدرسه امام خمینی ره کانون فرهنگی آموزش قلم چی,01144733033-01144733032-01144734044,https://www.kanoon.ir/City/Agencies?state=3,2026-09-18T12:23:00+00:00
مازندران,نكا,نكا,نکا خ انقلاب نرسیده به سه راه زاغمرز رو ببه روی کلانتری 11 طبقه دوم کانون فرهنگی آموزش قلم چی,09111533672-01134720637,https://www.kanoon.ir/City/Agencies?state=3,2026-09-18T12:23:00+00:00
مازندران,نور,نور,خیابان ناطق نوری -کوچه ی نور 7 - پلاک 247,01144525411-01144529770-01144529780-09111207738,https://www.kanoon.ir/City/Agencies?state=3,2026-09-18T12:23:00+00:00
مرکزی,اراک,اراک پسران,خیابان شهید رجایی - روبروی 17 متری - کوچه لقمان - ساختمان لقمان - کدپستی3813987974,08632236627-08632210054-08632210052-08632210050,https://www.kanoon.ir/City/Agencies?state=15,2026-09-18T12:23:00+00:00
مرکزی,اراک,اراک دختران,خیابان ملک روبروی 17 متری کوچه لقمان ساختمان لقمان,08632214600-08632249463-08632248453-08632227574,https://www.kanoon.ir/City/Agencies?state=15,2026-09-18T12:23:00+00:00
مرکزی,خمين,خمين,خمین میدان 15 خرداد طبقه فوقانی فروشگاه رفاه,09123838815-08646221411-08646221316-09181651027,https://www.kanoon.ir/City/Agencies?state=15,2026-09-18T12:23:00+00:00
مرکزی,دليجان,دليجان,دلیجان خیابان شهید بهشتی جنوبی کوچه محبت,08664231631-09183690503-08664229205-08664220455,https://www.kanoon.ir/City/Agencies?state=15,2026-09-18T12:23:00+00:00
مرکزی,زرنديه,زرنديه,زرندیه مامونیه خیابان امام خمینی -کوچه امامزاده سید منصور -جنب امامزاده-آموزشگاه ادیب,08645224112-08645224110,https://www.kanoon.ir/City/Agencies?state=15,2026-09-18T12:23:00+00:00
مرکزی,ساوه,ساوه,ساوه خیابان جمهوری جمهوری22 - کانون فرهنگی آموزش قلم چی,08642200055-08642200055-08642200044-08642200044,https://www.kanoon.ir/City/Agencies?state=15,2026-09-18T12:23:00+00:00
مرکزی,محلات,محلات,محلات - میدان استقلال - خیابان انقلاب کوچه شهید شفیعی دبیرستان عصمت,08643240064-09184943154-08643240733-08643220064,https://www.kanoon.ir/City/Agencies?state=15,2026-09-18T12:23:00+00:00
هرمزگان,بندر کنگ و چارک,بندر کنگ و چارک,بندرکنگ میدان 22 بهمن خیابان آیت الله طالقانی روبروی بانک صادرات - بندرلنگه بلوار چمران جنب اداره تعزیرات حد فاصل میدان فرمانداری و آموزش و پرورش,07644232019-09138452126-09177622491-07644222973,https://www.kanoon.ir/City/Agencies?state=27,2026-09-18T12:23:00+00:00
هرمزگان,بندرعباس,بندرعباس,بندرعباس گلشهر جنوبی نرسیده به پمپ بنزین بلال خیابان حر(داروخانه گلشهر) چهارراه شهید موسی زاده موسسه فکور راه دانش,۰۷۶۳۳۶۷۵۲۶۹-۰۷۶۳۳۶۷۵۲۶۷,https://www.kanoon.ir/City/Agencies?state=27,2026-09-18T12:23:00+00:00
هرمزگان,پارسيان,پارسيان,هرمزگان-شهرستان پارسیان-خ امام ، روبروی فرمانداری ، ساختمان تجاری رئیسی، طبقه دوم,07644625955-07644625955-07644625955-07644625955,https://www.kanoon.ir/City/Agencies?state=27,2026-09-18T12:23:00+00:00
هرمزگان,حاجي آباد,حاجي آباد,بلوار شهید بهشتی روبه روی بانک کشاورزی خیابان سعدی ازسمت چپ درب پنجم,07635422655-07635423352,https://www.kanoon.ir/City/Agencies?state=27,2026-09-18T12:23:00+00:00
هرمزگان,رودان,رودان,رودان - بلوار شهدا - خیابان شهید دستغیب- حد فاصل کوچه دستغیب 2 و 4,07642886623-09171662115,https://www.kanoon.ir/City/Agencies?state=27,2026-09-18T12:23:00+00:00
هرمزگان,قشم,قشم,"قشم،بلوار آزادگان،نرسیده به میدان شهدای گمنام،کوچه لقمان ۱۱،پلاک ۲۶
تلفن: ۳۵۲۲۶۵۶۹",076۳۵۲۲۶۵۶۹ 09173630451,https://www.kanoon.ir/City/Agencies?state=27,2026-09-18T12:23:00+00:00
هرمزگان,كيش,كيش,صفین فاز A دبستان پسرانه مولوی طبقه دوم,09916574511-09131996756,https://www.kanoon.ir/City/Agencies?state=27,2026-09-18T12:23:00+00:00
هرمزگان,ميناب,ميناب,میناب - بلوار بسیج -ساختمان برجیس آموزشگاه علمی قلم چی,09369372848-09381905669-07652224355-07652230244,https://www.kanoon.ir/City/Agencies?state=27,2026-09-18T12:23:00+00:00
همدان,اسدآباد,اسدآباد,خیابان صاحب الزمان شرقی طبقه فوقانی مصالح فروشی مرادی,08133125422-09188190773-08133125422-08133115831,https://www.kanoon.ir/City/Agencies?state=16,2026-09-18T12:23:00+00:00
همدان,بهار,بهار,بهار   - خیابان امام خمینی - خیابان فرهنگ - جنب اداراه آموزش و پرورش سابق,08132510732-09183133861-08134509234,https://www.kanoon.ir/City/Agencies?state=16,2026-09-18T12:23:00+00:00
همدان,تويسركان,تويسركان,تویسرکان-خ شریعتی-کوی -شهید مراتی-آموزشگاه قلم,08134942222-08134946054-08134926051,https://www.kanoon.ir/City/Agencies?state=16,2026-09-18T12:23:00+00:00
همدان,رزن,رزن,"شهرستان رزن - بلوار آیت الله شوندی - خیابان ورزش- 200 متر بالاتر از دبیرستان دارالفنون

دفتر قروه درگزین : خیابان مدنی - خیابان امیرکبیر - جنب دبیرستان تربیت                                             تلفن : ۳۶۴۶۶۰۰۷",۰۹۱۲۶۶۱۳۳۰۱-08136222136-08136222136-08136226313,https://www.kanoon.ir/City/Agencies?state=16,2026-09-18T12:23:00+00:00
همدان,كبودر آهنگ,كبودر آهنگ,کبودرآهنگ بلوار بعثت -کوچه شهید افشاری (رو به رو سنگکی),09188196014-08135228692-09185045124,https://www.kanoon.ir/City/Agencies?state=16,2026-09-18T12:23:00+00:00
همدان,ملاير,ملاير پسران,ملایر - خیابان امیرکبیر - روبروی ورزشگاه تختی _انتهای بن بست شهید رحم خدا شرفی آموزشگاه پسرانه هدایت,08132256010 - 08132246010,https://www.kanoon.ir/City/Agencies?state=16,2026-09-18T12:23:00+00:00
همدان,ملاير,ملاير دختران,ملایر - خ امیرکبیر کوچه شهید منصور احمدی پور آموزشگاه دخترانه هدایت,08132249030  و 09010237538,https://www.kanoon.ir/City/Agencies?state=16,2026-09-18T12:23:00+00:00
همدان,نهاوند,نهاوند,نهاوند - خیابان حافظ - پائین تر از چهارراه آزادگان آموزشگاه کاوش,08133242085-09184999200-08133248893-09188504098,https://www.kanoon.ir/City/Agencies?state=16,2026-09-18T12:23:00+00:00
همدان,همدان,همدان,"همدان 1 خیابان طالقانی  ابتدای ۱۲ متری ابن سینا  ۳۸۳۴۵۰۷۲-۳۸۳۴۵۰۳۱

همدان 2 سعیدیه پایین نبش کوچه نغمه جنب دبیرستان دارالفنون",08138260041-08138260079-08138231526-08138231546,https://www.kanoon.ir/City/Agencies?state=16,2026-09-18T12:23:00+00:00
یزد,ابركوه,ابركوه,ابرکوه ـ خیابان نسفی - بعد از باغ خورشید خانم بوستان بانوان - ساختمان ادیب - کانون فرهنگی آموزش,03532822737-03532821703-03532821703-03532822737,https://www.kanoon.ir/City/Agencies?state=17,2026-09-18T12:23:00+00:00
یزد,تفت,تفت,تفت - خیابان ساحلی -  جنب داروخانه دکتر محمودی,03532626743-03532628025-03532626743-03532628025,https://www.kanoon.ir/City/Agencies?state=17,2026-09-18T12:23:00+00:00
یزد,خاتم,خاتم,شهرستان خاتم / هرات  بلوار شهید ابوئی دفتر کانون فرهنگی آموزش,03532574554-09140727859-09133523088-03532571615,https://www.kanoon.ir/City/Agencies?state=17,2026-09-18T12:23:00+00:00
یزد,زارچ و صدوق,زارچ و صدوق,یزد ـزارچ خیابان پاسداران کوچه جنب بسیج پلاک7,03535272562-09133570338-03535278232-03535278231,https://www.kanoon.ir/City/Agencies?state=17,2026-09-18T12:23:00+00:00
یزد,طبس,طبس,فلکه شهید فهمیده - بلوار شهید مطهری - اول شهرک شهید صدوقی - پلاک 1,03534232440-03534221061-03534221062-03534228887,https://www.kanoon.ir/City/Agencies?state=17,2026-09-18T12:23:00+00:00
یزد,عشق آباد,عشق آباد,یزد طبس عشق آباد خیابان دانش کانون فرهنگی آموزش,05632852131-05632852595,https://www.kanoon.ir/City/Agencies?state=17,2026-09-18T12:23:00+00:00
یزد,مهريز,مهريز,یزد - مهریز- فلکه شهرداری- کوچه ی آموزش -,03532528355,https://www.kanoon.ir/City/Agencies?state=17,2026-09-18T12:23:00+00:00
یزد,ميبد,ميبد,میبد خ امام خ هفتم تیر جنب کتابفروشی حسابی طبقه فوقانی رستوران شایان  ـ    اردکان خ امام روبروی دانشگاه پیام نور سابق طبقه تحتانی صندوق تعاون,03532321005-03532235552-03532321005-03532235552,https://www.kanoon.ir/City/Agencies?state=17,2026-09-18T12:23:00+00:00
یزد,يزد,يزد پسران,یزد - خیابان آیت الله کاشانی - بعد از مسجد اتابکی به سمت صفاییه - کوچه علوی - اواسط کوچه,03538274344-03538274345-03538274346-03538274347,https://www.kanoon.ir/City/Agencies?state=17,2026-09-18T12:23:00+00:00
یزد,يزد,يزد دختران,یزد سه راه تعاون بلوار امیرکبیر کوچه ۸,03538305404-8,https://www.kanoon.ir/City/Agencies?state=17,2026-09-18T12:23:00+00:00
